customer_id,first_name,last_name,email,phone_number,address,city,country,postal_code,loyalty_points
1,Maris,Brayshay,mbrayshay0@pcworld.com,794-503-9656,240 Cascade Terrace,Michałów-Reginów,Poland,61-731,552
2,Melli,Kuscha,mkuscha1@e-recht24.de,359-757-5175,593 Independence Point,Melaka,Malaysia,75910,749
3,Frederick,Harback,fharback2@mashable.com,732-119-9589,42 Bluejay Point,Yotsukaidō,Japan,298-0025,491
4,Morganica,Seville,mseville3@springer.com,341-407-5810,617 Heffernan Trail,Oyama,Japan,981-1502,63
5,Saul,Gofford,sgofford4@ucoz.com,912-522-1049,8262 Marquette Junction,Acao,Philippines,1116,767
6,Gianni,Romanin,gromanin5@t-online.de,728-413-1489,69789 Heffernan Hill,Esplanada,Brazil,48370-000,468
7,Jecho,Tow,jtow6@last.fm,499-136-0787,7 Melrose Lane,Mozi,China,,685
8,Nahum,Danilyuk,ndanilyuk7@pinterest.com,844-571-0684,8334 Raven Crossing,Pocrí,Panama,,770
9,Natty,Deeming,ndeeming8@jigsy.com,815-979-7595,0968 Brickson Park Street,Valmiera,Latvia,,494
10,Karlen,Midden,kmidden9@blogger.com,459-486-2881,1886 Morning Place,Lamalewar,Indonesia,,153
11,Rachelle,Cant,rcanta@ifeng.com,353-484-1368,12 Welch Junction,Nangan,Taiwan,,739
12,Rosalynd,Gonsalvo,rgonsalvob@hexun.com,396-923-0276,308 Forest Run Trail,Jahrom,Iran,,472
13,Marylee,Waistell,mwaistellc@huffingtonpost.com,199-924-8491,8503 Michigan Pass,Ryczywół,Poland,64-630,812
14,Ardine,McCrillis,amccrillisd@weibo.com,647-913-9197,0 Stang Parkway,Correia Pinto,Brazil,88535-000,499
15,Genni,Siemon,gsiemone@columbia.edu,532-397-0389,5055 Thompson Center,Qutqashen,Azerbaijan,,330
16,Arman,Blincko,ablinckof@huffingtonpost.com,886-746-1738,3362 Prentice Lane,Tân Sơn,Vietnam,,373
17,Jilleen,Wilding,jwildingg@sourceforge.net,146-351-6960,1935 Sage Plaza,Marija Bistrica,Croatia,49246,794
18,Karry,Paulino,kpaulinoh@alibaba.com,501-731-6908,10791 Rigney Alley,Klek,Serbia,,353
19,Reta,Mityakov,rmityakovi@telegraph.co.uk,418-424-9489,26767 Eagle Crest Lane,Opatów,Poland,42-152,605
20,Caril,Mattis,cmattisj@php.net,106-196-6627,79109 Wayridge Hill,El Retorno,Colombia,951017,969
21,Cathe,Cotherill,ccotherillk@reddit.com,766-828-3235,3 Dennis Terrace,Chok Chai,Thailand,30190,376
22,Pen,Tonkinson,ptonkinsonl@wufoo.com,276-165-5653,84873 Longview Avenue,Jalasenga,Indonesia,,890
23,Roosevelt,Nellis,rnellism@dedecms.com,347-775-6129,9 Blue Bill Park Way,Uritsk,Russia,102471,395
24,Gaston,Gashion,ggashionn@icq.com,700-556-1545,8 South Crossing,Kaliuda,Indonesia,,399
25,Pattie,Thomson,pthomsono@pbs.org,281-838-8626,5345 Schiller Drive,Manghit,Uzbekistan,,547
26,Aloysius,Clifton,acliftonp@photobucket.com,177-669-5002,247 Northland Point,Cilampuyang,Indonesia,,177
27,Charlot,Ormston,cormstonq@google.cn,589-262-3524,2593 Waywood Circle,Swindon,United Kingdom,SN1,683
28,Lorrie,Harnor,lharnorr@myspace.com,747-835-1763,82041 Brentwood Crossing,Baş Göynük,Azerbaijan,,576
29,Dolph,Cabral,dcabrals@scribd.com,842-401-1891,9 Rigney Lane,Lakinsk,Russia,662133,522
30,Paloma,Patel,ppatelt@flavors.me,368-815-1733,4 Milwaukee Street,Lages,Brazil,88500-000,502
31,Cara,Kingsly,ckingslyu@alexa.com,545-122-3989,41155 Donald Road,Cergy-Pontoise,France,95319 CEDEX,880
32,Murdoch,Bickell,mbickellv@ustream.tv,704-644-9487,7 West Trail,Kamnica,Slovenia,2351,226
33,Rockey,Russon,rrussonw@ebay.com,383-744-4319,1370 Pond Way,Kenscoff,Haiti,,862
34,Hurleigh,Hilliam,hhilliamx@domainmarket.com,278-166-3615,8 Warrior Hill,Chaiyaphum,Thailand,17140,557
35,Milissent,Glaister,mglaistery@dyndns.org,887-250-5738,4361 Ridgeway Street,Fovissste,Mexico,33980,6
36,Linda,Maudsley,lmaudsleyz@shop-pro.jp,772-456-2926,529 Kipling Park,Jibu Hulangtu,China,,510
37,Bella,Bradane,bbradane10@cnet.com,911-252-1252,9478 Menomonie Pass,Saposoa,Peru,,41
38,Tabbie,Colston,tcolston11@istockphoto.com,896-748-9419,5 Heffernan Hill,San Antonio Aguas Calientes,Guatemala,03015,191
39,Hedvig,Deniscke,hdeniscke12@accuweather.com,187-285-4200,7157 Duke Pass,Kakegawa,Japan,436-0079,895
40,Cyndy,Cutmare,ccutmare13@fastcompany.com,161-613-9497,480 Luster Avenue,Fenyan,China,,842
41,Pierson,Troppmann,ptroppmann14@blog.com,188-865-2762,949 Pearson Circle,Ylämaa,Finland,54410,468
42,Jenifer,Loosley,jloosley15@mtv.com,931-112-4417,95 Carpenter Junction,Vårby,Sweden,143 31,124
43,Morlee,Dowglass,mdowglass16@msu.edu,748-458-1175,5701 Mallard Hill,Melbourne,Australia,8383,406
44,Fredia,Ianiello,fianiello17@feedburner.com,948-434-2792,1 Moulton Hill,Santa Helena,Brazil,89915-000,938
45,Normy,Pudden,npudden18@rakuten.co.jp,316-752-2935,31 Kedzie Crossing,Káto Glikóvrisi,Greece,,344
46,Rickie,Evemy,revemy19@stanford.edu,111-659-5693,32 West Lane,Benito Juarez,Mexico,31770,419
47,Aurelia,Trustey,atrustey1a@marriott.com,525-501-8893,9 Red Cloud Park,Waishan,China,,962
48,Karlotta,Klugel,kklugel1b@unicef.org,483-749-7206,90 Manufacturers Plaza,Nové Strašecí,Czech Republic,271 01,270
49,Sheri,Blaisdell,sblaisdell1c@friendfeed.com,689-688-6899,0 Bobwhite Street,Carig,Philippines,3503,895
50,Wendeline,Asals,wasals1d@netvibes.com,814-697-2142,72 Nobel Court,Yongning,China,,941
51,Casey,Corck,ccorck1e@pbs.org,267-488-5564,063 7th Parkway,Philadelphia,United States,19104,63
52,Anni,Dashper,adashper1f@chicagotribune.com,944-663-7445,8 Thompson Circle,Helsingborg,Sweden,251 08,265
53,Mattie,Bodesson,mbodesson1g@redcross.org,830-540-3353,74 Dovetail Road,Sanxi,China,,214
54,Holly,Bordman,hbordman1h@lulu.com,211-404-9100,00187 Loomis Trail,Pondaguitan,Philippines,1696,254
55,Nikoletta,Nials,nnials1i@umich.edu,468-921-3738,30195 Westerfield Point,Totoral,Peru,,740
56,Jerome,Dunnet,jdunnet1j@cdbaby.com,336-311-4599,368 Lawn Point,Las Palomas,Paraguay,,628
57,Scotty,Orniz,sorniz1k@csmonitor.com,562-707-1274,2699 Bunker Hill Plaza,Long Beach,United States,90831,756
58,Patti,Maplethorpe,pmaplethorpe1l@diigo.com,171-853-0272,98495 Eastwood Drive,Simapu,China,,336
59,Mozes,Woolfitt,mwoolfitt1m@squarespace.com,464-338-9258,1832 Moland Parkway,Allealle,Indonesia,,833
60,Denna,Mindenhall,dmindenhall1n@behance.net,631-237-1935,2377 Prairieview Lane,Ngulahan,Indonesia,,887
61,Monah,Goddman,mgoddman1o@microsoft.com,800-310-8887,84 Hanson Point,Rybnik,Poland,44-274,771
62,Beverie,Kirke,bkirke1p@macromedia.com,932-698-2478,1265 Waywood Way,Corroios,Portugal,2855-005,978
63,Laurie,Yakob,lyakob1q@barnesandnoble.com,985-852-9258,07468 Green Parkway,Sebadelhe,Portugal,5155-705,424
64,Rochette,Yglesia,ryglesia1r@php.net,654-639-8262,15 Randy Junction,Vrede,South Africa,9850,56
65,Ann-marie,Fulham,afulham1s@goodreads.com,887-841-7903,0 Cody Parkway,Hekou,China,,140
66,Rip,Nana,rnana1t@reuters.com,917-865-2953,842 Fisk Pass,RMI Capitol,Marshall Islands,96970,870
67,Euell,Wragge,ewragge1u@engadget.com,486-618-1650,82889 Warbler Junction,Majingklak,Indonesia,,156
68,Dimitry,Troy,dtroy1v@craigslist.org,744-526-0430,5 Loftsgordon Alley,Suci Kaler,Indonesia,,470
69,Gavrielle,Wickey,gwickey1w@macromedia.com,123-587-3653,917 Blaine Circle,Padamulya,Indonesia,,894
70,Verene,Willets,vwillets1x@linkedin.com,817-912-3893,5795 Spenser Parkway,Pantian,China,,117
71,Sherill,Heinssen,sheinssen1y@oaic.gov.au,515-733-8216,1531 Northland Road,Gori,Georgia,,384
72,Yance,Allpress,yallpress1z@dion.ne.jp,619-812-3900,55 Ramsey Hill,Nizhnekamsk,Russia,423579,341
73,Adams,Aloshkin,aaloshkin20@freewebs.com,715-585-7901,03 Logan Park,Berck,France,62604 CEDEX,133
74,Barbe,Bohan,bbohan21@google.pl,221-858-8755,08212 Stang Hill,Tučepi,Croatia,21325,972
75,Daisy,Troctor,dtroctor22@statcounter.com,994-184-2188,8 Weeping Birch Plaza,Niwiska,Poland,36-147,275
76,Rolph,Larver,rlarver23@oakley.com,835-181-6651,5 Ilene Lane,Ballyhaunis,Ireland,F35,586
77,Fidela,Marley,fmarley24@stumbleupon.com,458-294-3683,35198 Oriole Lane,Åkersberga,Sweden,184 23,8
78,Muhammad,Reina,mreina25@usatoday.com,883-215-1450,12 Stoughton Road,Ambam,Cameroon,,290
79,Egan,Pelman,epelman26@amazon.co.jp,893-634-1082,0 Kenwood Center,Donggou,China,,542
80,Ferdy,Iacapucci,fiacapucci27@bloglovin.com,231-527-8655,6957 Northland Pass,Aoluguya Ewenke Minzu,China,,638
81,Rolf,Wilshin,rwilshin28@cpanel.net,682-698-7544,45496 Myrtle Street,Coronel Suárez,Argentina,7541,661
82,Seumas,Fogden,sfogden29@answers.com,436-352-5543,29 Ilene Alley,Brzączowice,Poland,32-447,207
83,Evered,Manginot,emanginot2a@wisc.edu,393-563-7998,6336 1st Crossing,Rimba Sekampung,Indonesia,,657
84,Kareem,Dahlman,kdahlman2b@ftc.gov,917-249-3863,03557 Arapahoe Hill,Brooklyn,United States,11215,422
85,Sonya,Norcliff,snorcliff2c@baidu.com,994-510-2655,76193 Donald Drive,Damatou,China,,561
86,Selia,Martineau,smartineau2d@ft.com,646-380-7932,0 Forster Street,Karabudakhkent,Russia,368530,914
87,Arne,De Meyer,ademeyer2e@nbcnews.com,889-528-8891,82 Harbort Street,Las Flores,Mexico,70317,649
88,Cory,Higford,chigford2f@npr.org,784-209-2261,570 Declaration Street,Rehoboth,Namibia,,722
89,Collette,Whybray,cwhybray2g@google.ca,775-434-6302,1221 Kennedy Way,Energetik,Russia,600902,705
90,Brietta,O' Kelleher,bokelleher2h@apache.org,761-375-0349,189 2nd Street,Duma,China,,671
91,Vlad,Dyson,vdyson2i@amazon.de,973-540-2368,4 Donald Road,Vila Fria,Portugal,2740-023,892
92,Laughton,Turn,lturn2j@smugmug.com,136-743-3254,62726 Dawn Road,Tynne,Ukraine,,130
93,Tadeas,Bradfield,tbradfield2k@spotify.com,204-515-1764,5567 Ilene Alley,Maroanging,Indonesia,,762
94,Myrilla,Frankish,mfrankish2l@skyrock.com,782-499-8087,80 Mandrake Junction,Mafeng,China,,419
95,Sallie,Farrah,sfarrah2m@hibu.com,420-434-9391,29696 Annamark Circle,Wolfville,Canada,B4P,33
96,Marybeth,Oakman,moakman2n@1688.com,276-932-3965,41 Ruskin Drive,Taling Chan,Thailand,10170,132
97,Kiri,Oldnall,koldnall2o@gmpg.org,642-542-0341,3172 Morningstar Alley,Río Hondo,Guatemala,19003,833
98,Maria,Duffie,mduffie2p@berkeley.edu,627-574-4076,191 Columbus Parkway,Tuusula,Finland,04380,561
99,Lulita,Penfold,lpenfold2q@epa.gov,861-513-9700,23 Eastwood Circle,Banos,Philippines,5102,451
100,Muhammad,Sedcole,msedcole2r@amazon.com,156-188-4170,13 Pankratz Alley,Hornówek,Poland,05-080,329
101,Michelle,Hinrichs,mhinrichs2s@slate.com,716-149-4948,6 Portage Trail,Belén Gualcho,Honduras,,644
102,Tremayne,Keston,tkeston2t@bluehost.com,368-207-3355,61 Esch Drive,Havana,Cuba,,933
103,Darbie,Eustanch,deustanch2u@independent.co.uk,845-250-7094,5171 Anthes Drive,Xincheng,China,,8
104,Ross,Neale,rneale2v@e-recht24.de,880-466-0709,2 Hoffman Crossing,Guacarí,Colombia,763508,837
105,Amii,Emmitt,aemmitt2w@cbsnews.com,798-201-9641,951 Norway Maple Park,Lyon,France,69345 CEDEX 07,471
106,Crysta,Frears,cfrears2x@live.com,638-186-1625,96 Anderson Avenue,Xinjiezi,China,,142
107,Karine,Kilbride,kkilbride2y@blinklist.com,393-189-2650,26 Waxwing Avenue,São Martinho de Árvore,Portugal,3025-483,934
108,Barron,Eades,beades2z@arizona.edu,927-448-7438,3095 Kim Point,Kivijärvi,Finland,43800,962
109,Shaw,Sturman,ssturman30@weibo.com,265-990-7139,9 Bobwhite Road,Kulunda,Russia,249070,141
110,Gertrudis,Ohlsen,gohlsen31@simplemachines.org,548-442-0283,8328 Russell Lane,Xinjie,China,,298
111,Mickie,Burridge,mburridge32@baidu.com,436-322-9778,5493 Bartelt Way,Kuching,Malaysia,93762,780
112,Gerik,Bomfield,gbomfield33@newyorker.com,796-417-1910,0782 Caliangt Plaza,Nanton,Canada,L5M,641
113,Fraze,Maghull,fmaghull34@usatoday.com,920-179-5669,474 Canary Center,Leninsk,Russia,456384,8
114,Carlota,Heskin,cheskin35@mozilla.org,269-928-1575,73 Washington Drive,Butel,Macedonia,1040,903
115,Charmane,Wiffill,cwiffill36@google.com.hk,544-351-1727,47280 Twin Pines Trail,Solkan,Slovenia,5250,872
116,Howard,Leahey,hleahey37@clickbank.net,723-252-0137,66878 Pierstorff Road,Zwierzyń,Poland,66-542,849
117,Juditha,Chatterton,jchatterton38@cdbaby.com,815-363-9813,3536 Northridge Pass,Joliet,United States,60435,815
118,Merrie,Helstrip,mhelstrip39@cloudflare.com,862-801-7448,31183 New Castle Junction,Tarui,Japan,590-0521,184
119,Magdalene,Crenage,mcrenage3a@businesswire.com,741-844-1519,7038 Crowley Junction,Alegrete,Brazil,97540-000,992
120,Fenelia,Rehorek,frehorek3b@economist.com,731-358-6968,1 Valley Edge Trail,Budapest,Hungary,1213,956
121,Erwin,Millichip,emillichip3c@elpais.com,468-639-6219,798 Lighthouse Bay Alley,Mumen,China,,25
122,Kellen,Colebeck,kcolebeck3d@posterous.com,944-657-8805,80 Kedzie Junction,Międzyzdroje,Poland,72-500,618
123,Nicolina,Scholard,nscholard3e@github.io,816-715-2072,02 Vahlen Road,Qarqaraly,Kazakhstan,,813
124,Sapphire,Angove,sangove3f@mozilla.org,436-203-4356,3 Miller Drive,Soba,Nigeria,,165
125,Stefania,Belk,sbelk3g@google.com.br,420-334-2745,09072 Kensington Place,Staryy Urukh,Russia,361366,349
126,Rafaello,Dufaur,rdufaur3h@geocities.com,604-447-6057,5986 Northfield Center,Baitang,China,,267
127,Abba,Bausor,abausor3i@paginegialle.it,124-366-8634,52 Shelley Point,Gubkinskiy,Russia,427275,489
128,Dorey,Cristofori,dcristofori3j@delicious.com,709-810-6673,22 Cordelia Plaza,Piltown,Ireland,T34,982
129,Leandra,Foxworthy,lfoxworthy3k@cyberchimps.com,695-281-2680,6 Thackeray Trail,Wenquan,China,,755
130,Elaina,Wildsmith,ewildsmith3l@fema.gov,239-927-1860,255 Welch Drive,Lumil,Philippines,4118,925
131,Ulises,Marunchak,umarunchak3m@github.com,497-364-8817,18274 Sage Way,Krasnaya Polyana,Russia,352947,900
132,Base,Demann,bdemann3n@rambler.ru,378-425-0700,4 Mitchell Junction,Alexandria,Jamaica,,240
133,Carol-jean,Frew,cfrew3o@angelfire.com,144-377-0107,51 High Crossing Center,Lonya Chico,Peru,,250
134,Shalom,Oughtright,soughtright3p@tuttocitta.it,328-684-5989,08214 Bonner Court,Weishanzhuang,China,,96
135,Rabbi,Leadbetter,rleadbetter3q@state.gov,915-597-3343,15 Burning Wood Park,Guihuaquan,China,,194
136,Elvira,Millichap,emillichap3r@shinystat.com,692-172-0055,2816 Oxford Hill,Shtip,Macedonia,2000,899
137,Lorrin,Heddy,lheddy3s@acquirethisname.com,997-431-0932,91 Heffernan Road,Kabir,Indonesia,,626
138,Daisy,Greet,dgreet3t@cdbaby.com,660-835-7580,7 Nova Hill,San Jose,Mexico,85227,88
139,Blythe,Streets,bstreets3u@geocities.com,949-566-9385,9630 Comanche Place,Ake-Eze,Nigeria,,467
140,Trix,Dachey,tdachey3v@youtube.com,939-636-5442,48 Dakota Street,Gurbuki,Russia,368547,882
141,Ruthy,Fellow,rfellow3w@oaic.gov.au,970-815-3149,65 Basil Terrace,Kärdla,Estonia,,345
142,Duffie,Welden,dwelden3x@myspace.com,326-738-8802,7 Lighthouse Bay Hill,Porteirinha,Brazil,39520-000,49
143,Hersch,Cona,hcona3y@ftc.gov,584-125-3207,2 Arizona Crossing,Santa Paz,Philippines,6526,597
144,Horacio,Gowers,hgowers3z@e-recht24.de,660-168-3429,84 Spaight Point,Yonggu,China,,308
145,Ardelia,Farron,afarron40@adobe.com,628-677-7933,911 Luster Junction,Chirongui,Mayotte,97620,422
146,Ursulina,Henrichsen,uhenrichsen41@go.com,718-283-9078,8 Meadow Valley Pass,Orléans,France,45969 CEDEX 9,626
147,Lyn,MacNeillie,lmacneillie42@eepurl.com,948-477-2225,802 Karstens Circle,Panglanjan,Indonesia,,418
148,Conny,Todeo,ctodeo43@slate.com,185-758-8602,057 Dottie Alley,Ragana,Latvia,,508
149,Zonda,Dog,zdog44@parallels.com,677-229-9966,841 Loftsgordon Point,Manjo,Cameroon,,14
150,Perceval,Queenborough,pqueenborough45@tripod.com,981-759-1305,721 Golf Circle,Wringinsari,Indonesia,,29
151,Kienan,Stainton,kstainton46@theglobeandmail.com,437-508-5583,8 Ridgeway Drive,Jilin,China,,963
152,Nolana,Gribbins,ngribbins47@wordpress.org,465-800-8252,01 Calypso Circle,Delft,Netherlands,2629,18
153,Hailee,Sillis,hsillis48@opensource.org,786-581-0087,501 Arrowood Trail,Onitsha,Nigeria,,963
154,Alyda,Beavors,abeavors49@cnbc.com,134-489-1351,29 Carey Crossing,Sosándra,Greece,,241
155,Nonah,Nettleship,nnettleship4a@bloglines.com,528-629-4737,25 John Wall Road,Yeroẖam,Israel,,338
156,Hilary,Hens,hhens4b@blogspot.com,390-144-8499,886 Division Hill,Dalam,Indonesia,,420
157,Abeu,Leah,aleah4c@webs.com,479-484-1460,59281 Cambridge Drive,Chechen-Aul,Russia,366301,307
158,Maurene,Allam,mallam4d@ask.com,688-128-3811,302 Mitchell Court,Kaset Sombun,Thailand,36120,999
159,Ester,Florez,eflorez4e@economist.com,176-943-7435,9 Vera Alley,Aş Şaff,Egypt,,142
160,Ruddie,Gawkes,rgawkes4f@drupal.org,434-590-0569,1 Maple Wood Circle,Purac,Philippines,2202,55
161,Kip,Johnsson,kjohnsson4g@microsoft.com,150-842-4100,655 Division Street,Drobin,Poland,09-210,857
162,Helga,Chalder,hchalder4h@chron.com,579-418-3301,49 Farragut Trail,Non Suwan,Thailand,31110,569
163,Devin,Quesne,dquesne4i@netvibes.com,337-268-7982,96 Kim Point,Phúc Thọ,Vietnam,,107
164,Kean,Ipsly,kipsly4j@artisteer.com,710-623-9315,59177 Red Cloud Trail,Smålandsstenar,Sweden,333 24,36
165,Mirilla,Luckings,mluckings4k@msu.edu,361-325-9204,628 Stoughton Alley,Pasuruan,Indonesia,,517
166,Dagmar,Gibbeson,dgibbeson4l@bloglovin.com,551-108-4410,274 Mayfield Alley,Décines-Charpieu,France,69154 CEDEX,878
167,Leroi,Housecroft,lhousecroft4m@g.co,742-654-6990,0 Sachs Pass,Zizhao,China,,530
168,Mildred,Oldford,moldford4n@ifeng.com,618-868-7185,2276 6th Terrace,Sena Madureira,Brazil,69940-000,59
169,Nicko,Spraggon,nspraggon4o@t-online.de,353-516-5781,9 Helena Plaza,Thouars,France,79104 CEDEX,297
170,Selinda,Twaite,stwaite4p@techcrunch.com,755-298-8493,68237 Sundown Drive,Rumāh,Yemen,,312
171,Eryn,Eacle,eeacle4q@jugem.jp,629-679-5327,53 Dovetail Way,Langgen,Indonesia,,302
172,Orin,Welton,owelton4r@cloudflare.com,793-988-8989,5697 Tomscot Center,Willemstad,Curacao,,778
173,Wilmette,Emmet,wemmet4s@wisc.edu,587-650-4943,41614 Monument Street,Sugito,Japan,345-0036,719
174,Nell,Salter,nsalter4t@nydailynews.com,918-329-3855,07 Stephen Street,Daliuhang,China,,350
175,Denyse,Bosch,dbosch4u@amazon.co.jp,433-292-3502,2673 Kipling Terrace,Woippy,France,57148 CEDEX,547
176,Kimble,Nilles,knilles4v@google.co.jp,248-624-3631,58030 Summer Ridge Center,Fulong,China,,217
177,Emelyne,Joriot,ejoriot4w@npr.org,477-798-7120,678 Butternut Way,Ertai,China,,873
178,Pearl,MacClure,pmacclure4x@harvard.edu,810-205-0305,05921 Mallory Parkway,Tyringe,Sweden,282 91,141
179,Ezechiel,Klimsch,eklimsch4y@disqus.com,247-699-1088,0 Goodland Street,Maoping,China,,358
180,Traver,Procter,tprocter4z@reuters.com,214-222-6056,00 Del Sol Street,Tecka,Argentina,9201,606
181,Stanwood,Ditchburn,sditchburn50@howstuffworks.com,473-893-3707,92468 Loftsgordon Crossing,Kashihara,Japan,769-0105,383
182,Zachary,Scroxton,zscroxton51@smh.com.au,240-107-8495,229 Arizona Plaza,Kauswagan,Philippines,9202,985
183,Benedict,Sivyour,bsivyour52@xrea.com,995-753-3590,75 Dixon Hill,Hradec nad Moravici,Czech Republic,747 84,397
184,Husein,Pala,hpala53@lulu.com,428-267-2062,294 Portage Circle,Sumberarumkrajan,Indonesia,,223
185,Alon,Soppit,asoppit54@barnesandnoble.com,511-762-7129,37547 Eggendart Street,Sydney,Australia,1043,415
186,Fraser,Blakely,fblakely55@ox.ac.uk,397-564-8830,169 Dorton Center,København,Denmark,1577,350
187,Halsy,MacScherie,hmacscherie56@skype.com,243-227-6818,720 Glacier Hill Lane,El Cuy,Argentina,8333,844
188,Luci,Primett,lprimett57@wikimedia.org,628-916-4062,30349 Farmco Junction,Las Flores,Mexico,30479,554
189,Marris,Wolfindale,mwolfindale58@e-recht24.de,683-251-0821,2417 Waxwing Circle,Stírion,Greece,,641
190,Olag,Pinck,opinck59@ihg.com,166-292-0562,66 Norway Maple Point,Jining,China,,483
191,Haskel,Streather,hstreather5a@symantec.com,825-131-4676,9 Mosinee Parkway,Trpinja,Croatia,32224,638
192,Elle,Balasin,ebalasin5b@weibo.com,930-891-3241,3815 Michigan Center,Datar,Indonesia,,171
193,Maddy,M'Chirrie,mmchirrie5c@pen.io,186-791-8269,8708 Buell Alley,Pustá Polom,Czech Republic,747 69,218
194,Cyrus,Beddo,cbeddo5d@over-blog.com,701-747-2243,13751 Leroy Way,Licheng,China,,77
195,Wilbur,Woolland,wwoolland5e@berkeley.edu,895-816-9670,4528 Merrick Trail,Portão,Brazil,93180-000,961
196,Valencia,Van der Son,vvanderson5f@nbcnews.com,705-526-8822,80 Leroy Place,Yuto,Argentina,4518,735
197,Rex,Murra,rmurra5g@last.fm,435-359-7298,3 Village Junction,Bajawa,Indonesia,,103
198,Aymer,Leslie,aleslie5h@yahoo.com,937-178-4650,841 Clarendon Terrace,Tchamba,Togo,,724
199,Avram,Ninotti,aninotti5i@pinterest.com,209-389-3019,75941 Starling Street,Luau,Angola,,105
200,Rees,Mendus,rmendus5j@sciencedaily.com,822-582-5355,71326 Shasta Point,Kotel,Bulgaria,8970,259
201,Richard,Kitchinghan,rkitchinghan5k@irs.gov,198-235-1000,97435 8th Way,Umanggudang,Indonesia,,922
202,Cornelle,Arons,carons5l@shop-pro.jp,604-625-5488,9 Arapahoe Place,Tha Ruea,Thailand,13130,876
203,Kacey,Chown,kchown5m@sina.com.cn,282-615-6331,67 Kings Court,Chaiyaphum,Thailand,17140,363
204,Kelly,Camilleri,kcamilleri5n@hexun.com,617-314-2563,785 Mitchell Crossing,Gbarnga,Liberia,,307
205,Zabrina,Karczinski,zkarczinski5o@123-reg.co.uk,794-174-4481,6 Michigan Court,Cerrito,Paraguay,,558
206,Dionis,Duligal,dduligal5p@smh.com.au,961-817-3205,793 Morning Junction,Colombo,Sri Lanka,00100,244
207,Chev,Rooson,crooson5q@usatoday.com,876-355-8730,7444 Lakewood Plaza,Madalena do Mar,Portugal,9360-413,145
208,Meier,Gantlett,mgantlett5r@instagram.com,725-628-0017,1 Waywood Park,Casal,Portugal,4600-757,693
209,Ken,Ciccarello,kciccarello5s@nasa.gov,559-892-7990,5 Claremont Way,Sing Buri,Thailand,16150,150
210,Abe,O'Grada,aograda5t@mit.edu,774-746-6280,6 Ramsey Court,Tumauini,Philippines,3325,157
211,Nanette,Grass,ngrass5u@wikia.com,394-516-1619,0399 Moose Crossing,Jiyizhuang,China,,901
212,Donia,Owers,dowers5v@nifty.com,714-268-8649,7 Superior Lane,Lumbac,Philippines,9308,615
213,Cordey,Dunseith,cdunseith5w@oracle.com,844-786-4352,8 2nd Road,Colonia Nicolich,Uruguay,,12
214,Evan,Rouby,erouby5x@feedburner.com,936-615-0958,62 Utah Drive,Santa Monica,Philippines,8422,727
215,Dido,Heppenspall,dheppenspall5y@theguardian.com,944-167-3407,7586 Arrowood Avenue,Ljubuški,Bosnia and Herzegovina,,451
216,Alejandra,MacKilroe,amackilroe5z@blogs.com,427-559-7642,27 Westerfield Drive,Łomża,Poland,18-404,467
217,Arley,Sainz,asainz60@feedburner.com,518-159-4001,7359 Ilene Point,Mólos,Greece,,485
218,Faustina,Hadwick,fhadwick61@earthlink.net,701-996-9384,81844 Nelson Court,Pameungpeuk,Indonesia,,649
219,Gerrard,Spaven,gspaven62@aol.com,292-273-1723,04001 Redwing Street,Grabów,Poland,99-150,952
220,Mathias,Braunlein,mbraunlein63@dell.com,656-890-1450,30 Utah Hill,Anmore,Canada,V5A,119
221,Betty,Rayburn,brayburn64@mit.edu,915-956-4528,59660 Ilene Lane,Krzyżowice,Poland,43-254,102
222,Rafaela,Kettlewell,rkettlewell65@naver.com,421-242-9859,3 Schmedeman Park,Angoulême,France,16004 CEDEX,483
223,Olenka,Caudray,ocaudray66@businessinsider.com,503-882-7263,6 Upham Way,Kolobolon,Indonesia,,590
224,Patricio,Pettiford,ppettiford67@sina.com.cn,375-749-4966,9 Crownhardt Trail,Itaboraí,Brazil,24800-000,255
225,Pia,Millam,pmillam68@narod.ru,205-680-6944,7928 Kennedy Street,Bailingnao,China,,859
226,Flo,Geal,fgeal69@intel.com,833-517-9541,9536 Bonner Circle,Kaingiwa,Nigeria,,81
227,Bastian,Bletso,bbletso6a@bloglovin.com,960-495-5279,7134 Weeping Birch Junction,Liujiage,China,,40
228,Rayna,Haquard,rhaquard6b@netscape.com,513-185-2097,23543 Monument Plaza,Tarasovskiy,Russia,346050,729
229,Shir,Rowlinson,srowlinson6c@nyu.edu,191-828-0024,91727 Muir Drive,Bhisho,South Africa,3837,899
230,Laurella,Leys,lleys6d@dion.ne.jp,486-261-4939,35682 Spohn Road,Xinxiang,China,,247
231,Winna,Rotge,wrotge6e@dropbox.com,985-954-0282,1227 Barby Road,Stockholm,Sweden,102 63,780
232,Serge,Carillo,scarillo6f@thetimes.co.uk,452-516-4988,5 Pond Hill,Benito Juarez,Mexico,41800,697
233,Julie,Hulcoop,jhulcoop6g@vinaora.com,904-813-7995,49771 Manitowish Terrace,Jacksonville,United States,32204,17
234,Eryn,Ohanessian,eohanessian6h@soup.io,610-856-0376,744 Maryland Avenue,Huangshapu,China,,583
235,Anderea,Feather,afeather6i@sohu.com,873-154-2453,19520 Del Mar Terrace,Provatás,Greece,,361
236,Curtis,Legerwood,clegerwood6j@shinystat.com,208-424-4931,6264 Northwestern Junction,Prakhon Chai,Thailand,31140,296
237,Tony,Plowes,tplowes6k@live.com,578-443-3881,5653 Annamark Drive,Palaran,Indonesia,,16
238,Rosabel,MacInerney,rmacinerney6l@oakley.com,145-972-1972,39605 Sunnyside Circle,Bulongji,China,,156
239,Kariotta,Gimert,kgimert6m@wix.com,329-919-1869,568 Michigan Alley,Bar-le-Duc,France,55013 CEDEX,714
240,Isak,Duchan,iduchan6n@lulu.com,590-921-0305,795 Ilene Circle,Haoyi,China,,521
241,Charlean,Morfield,cmorfield6o@canalblog.com,779-415-7242,625 Mallard Junction,Umbanyar,Indonesia,,54
242,Jason,Sustin,jsustin6p@sina.com.cn,683-538-2376,3 Ridge Oak Pass,Pidvynohradiv,Ukraine,,624
243,Melvin,Flaonier,mflaonier6q@opera.com,990-274-1367,36596 Tomscot Alley,Berea,South Africa,4362,478
244,Brandtr,Shermore,bshermore6r@ebay.com,629-543-6560,77 Mariners Cove Alley,Bystrytsya,Ukraine,,842
245,Agatha,Southern,asouthern6s@columbia.edu,472-860-1582,2 Truax Court,Esperantina,Brazil,77993-000,495
246,Elga,Elward,eelward6t@discuz.net,880-693-9246,81 Esker Circle,Volodymyr-Volyns’kyy,Ukraine,,399
247,Laurena,Jaques,ljaques6u@paypal.com,676-738-1048,10509 Ludington Place,Itaberaba,Brazil,46880-000,425
248,Sherie,Elflain,selflain6v@reverbnation.com,518-522-2637,8805 Gateway Plaza,Tawau,Malaysia,91030,590
249,Hector,Bolte,hbolte6w@disqus.com,986-750-9440,68477 Comanche Road,Pokrovka,Kyrgyzstan,,350
250,Jeff,Pirrey,jpirrey6x@hexun.com,813-397-5654,90183 Kensington Crossing,Sikasso,Mali,,434
251,Ogdon,Rosenzveig,orosenzveig6y@pen.io,780-701-1887,5 Muir Junction,Göteborg,Sweden,400 94,159
252,Cazzie,Vallintine,cvallintine6z@mtv.com,976-489-8948,564 Division Hill,Kuanfatu,Indonesia,,853
253,Edie,McKellen,emckellen70@columbia.edu,852-226-8801,2 Graceland Lane,Ţūbās,Palestinian Territory,,296
254,Minda,Cicculi,mcicculi71@163.com,630-315-8663,075 New Castle Parkway,Los Dos Caminos,Venezuela,,667
255,Beverie,Woodford,bwoodford72@nydailynews.com,976-950-4556,8217 Cordelia Center,Pidvolochys’k,Ukraine,,228
256,Cathrin,Solomonides,csolomonides73@deliciousdays.com,134-886-7419,20 Hovde Point,Los Pinos,Mexico,93605,140
257,Quinlan,Mateuszczyk,qmateuszczyk74@samsung.com,563-505-5045,7345 Meadow Vale Terrace,Watulabara,Indonesia,,743
258,Tamara,Casey,tcasey75@imgur.com,679-840-2302,2105 Steensland Center,Yanliang,China,,290
259,Howard,McCallion,hmccallion76@unc.edu,850-502-4171,61173 Melvin Place,Simo Satu,Indonesia,,720
260,Gillie,Whiten,gwhiten77@sbwire.com,319-387-2246,6602 Brickson Park Junction,Santo Niño,Philippines,6711,116
261,Lissy,Synke,lsynke78@mayoclinic.com,478-833-5758,5 Miller Park,La Labor,Honduras,,344
262,Josie,Torregiani,jtorregiani79@skyrock.com,708-954-9273,7 Bayside Terrace,Manokwari,Indonesia,,490
263,Lemmie,Turneux,lturneux7a@tmall.com,811-147-1549,803 Boyd Place,Podbuzh,Ukraine,,264
264,Caitlin,Shrive,cshrive7b@reddit.com,444-643-3700,0 Summerview Trail,Amparafaravola,Madagascar,,223
265,Ana,Deare,adeare7c@qq.com,230-961-6806,72 Beilfuss Parkway,San Mateo,Philippines,3318,248
266,Karee,Scourge,kscourge7d@nyu.edu,511-897-0605,37 Hansons Drive,Quiaios,Portugal,3080-520,740
267,Elizabet,Taffrey,etaffrey7e@vistaprint.com,573-613-7437,0 Rigney Circle,Vithkuq,Albania,,722
268,Ronnica,Cockrill,rcockrill7f@list-manage.com,823-206-8574,7 Hauk Alley,Kleszczów,Poland,97-410,150
269,Erv,Fazzioli,efazzioli7g@phoca.cz,301-394-7628,8601 Clove Pass,Qal‘ah-ye Shāhī,Afghanistan,,669
270,Othilia,Tubbles,otubbles7h@blogtalkradio.com,205-160-0336,52 Maple Wood Pass,Birmingham,United States,35236,654
271,Bea,Doley,bdoley7i@arizona.edu,746-439-3266,0 Dawn Avenue,Penghua,China,,969
272,Eric,Scanes,escanes7j@irs.gov,344-304-1931,025 Ludington Avenue,Talzemt,Morocco,,676
273,Katti,Bride,kbride7k@wp.com,757-842-0346,203 Mayer Avenue,Santa Cruz de Barahona,Dominican Republic,11005,918
274,Marlo,Brodie,mbrodie7l@seesaa.net,354-507-1565,94798 Redwing Alley,Rodas,Cuba,,366
275,Addi,Bradneck,abradneck7m@prnewswire.com,322-214-3906,5500 Roxbury Way,Ernestinovo,Croatia,31215,187
276,Farrand,Westfalen,fwestfalen7n@howstuffworks.com,541-403-6119,7 Gateway Hill,Apiaí,Brazil,18320-000,21
277,Xavier,Fumagallo,xfumagallo7o@cnet.com,368-413-8160,74 International Parkway,Jinzao,China,,180
278,Kincaid,Kerr,kkerr7p@ihg.com,951-780-0790,3369 American Ash Parkway,Phayakkhaphum Phisai,Thailand,44110,353
279,Carina,Crippes,ccrippes7q@kickstarter.com,608-694-0420,9506 Saint Paul Plaza,Satita,Syria,,336
280,Kalvin,Pedrozzi,kpedrozzi7r@archive.org,213-701-6003,880 Derek Avenue,Proletar,Tajikistan,,394
281,Karl,Girardi,kgirardi7s@twitter.com,429-116-3972,9525 Canary Plaza,Alua,Philippines,3109,929
282,Jacinta,Shoemark,jshoemark7t@nyu.edu,344-705-2094,7 Jenifer Pass,Rublëvo,Russia,164012,501
283,Justinian,Filippucci,jfilippucci7u@skype.com,276-806-2147,6468 Hansons Plaza,Erétria,Greece,,660
284,Barth,Hindsberg,bhindsberg7v@oracle.com,613-300-6729,1 Judy Point,Cockburn Town,Turks and Caicos Islands,,707
285,Ninetta,Rooke,nrooke7w@spotify.com,173-780-5321,44860 Logan Road,Padangsidempuan,Indonesia,,95
286,Nanci,Laba,nlaba7x@dell.com,530-699-7243,4506 Green Circle,Anaco,Venezuela,,465
287,Elisabeth,Nibley,enibley7y@cnn.com,331-450-8647,7143 Sherman Crossing,Quezalguaque,Nicaragua,,584
288,Lanae,Petry,lpetry7z@sakura.ne.jp,890-269-1030,77767 Lindbergh Alley,Rongxing,China,,491
289,Darren,Hogbin,dhogbin80@bing.com,786-601-8003,3713 Kropf Avenue,Clearwater,United States,34629,915
290,Natassia,Haeslier,nhaeslier81@loc.gov,197-303-7456,94429 Fulton Circle,Kavār,Iran,,606
291,Corliss,Levis,clevis82@hud.gov,897-359-9535,41076 Sugar Lane,Brandfort,South Africa,9400,409
292,Aurora,Tromans,atromans83@nps.gov,316-875-6497,543 Sheridan Center,Kuala Bintang,Indonesia,,439
293,Malorie,Berthel,mberthel84@epa.gov,669-353-3380,073 Sauthoff Terrace,Cevicos,Dominican Republic,10702,568
294,Gabie,Bellfield,gbellfield85@feedburner.com,109-565-5544,14 Rockefeller Crossing,Mekarjaya,Indonesia,,654
295,Jarrad,Venditto,jvenditto86@edublogs.org,961-902-3492,8760 Fordem Pass,Ribeira Quente,Portugal,9675-165,854
296,Phillie,O'Crevan,pocrevan87@jimdo.com,561-307-8258,36 Oak Valley Crossing,Boynton Beach,United States,33436,538
297,Aymer,Ladd,aladd88@123-reg.co.uk,378-278-9861,486 Myrtle Crossing,Gaoqiu,China,,439
298,Artie,Abramovicz,aabramovicz89@hubpages.com,872-398-4261,609 Judy Point,Liliana,Indonesia,,635
299,Thaxter,Wychard,twychard8a@tinypic.com,836-602-5850,3601 Kings Hill,Mingyue,China,,993
300,Udale,Grasner,ugrasner8b@ucoz.com,910-868-3065,83828 Butternut Place,Tignoan,Philippines,8305,225
301,Hallsy,Lipmann,hlipmann8c@themeforest.net,454-964-0333,8 Jenna Park,Badovinci,Serbia,,654
302,Corine,Peabody,cpeabody8d@jugem.jp,619-145-8832,33068 Rieder Point,Pilcaniyeu,Argentina,8412,321
303,Rosaline,Kennealy,rkennealy8e@soundcloud.com,509-229-3690,1 Elka Lane,Maojia,China,,686
304,Verla,Partkya,vpartkya8f@china.com.cn,421-511-6780,70 Aberg Road,Pirogovo,Russia,427010,532
305,Nancee,Rolfs,nrolfs8g@pinterest.com,722-365-9376,00 School Park,Kireyevsk,Russia,301260,191
306,Mitchael,Van Saltsberg,mvansaltsberg8h@bloglovin.com,336-125-7243,496 Texas Park,Budapest,Hungary,1111,283
307,Kaila,Maffiotti,kmaffiotti8i@goo.gl,600-849-1908,1 Clyde Gallagher Junction,Paôy Pêt,Cambodia,,296
308,Kellina,MacGillacolm,kmacgillacolm8j@weather.com,343-146-3189,20856 Transport Crossing,Lau,Nigeria,,417
309,Amandy,Pepper,apepper8k@creativecommons.org,786-867-7155,80 Arrowood Lane,Refojos de Riba de Ave,Portugal,4825-296,913
310,Sylas,Scrinage,sscrinage8l@time.com,547-784-4724,55 Pond Crossing,Oslo,Norway,0806,89
311,Frasquito,Ansteys,fansteys8m@biglobe.ne.jp,662-397-6450,67137 Debra Park,Rovensko pod Troskami,Czech Republic,512 63,831
312,Juditha,Staines,jstaines8n@soundcloud.com,720-681-4799,3 Elka Point,Omurtag,Bulgaria,7945,118
313,Maximilian,Babalola,mbabalola8o@intel.com,479-673-9826,516 Summer Ridge Plaza,Cimonyong,Indonesia,,153
314,Nedda,Morby,nmorby8p@youtube.com,873-810-3643,10919 Charing Cross Avenue,Pridraga,Croatia,23226,463
315,Berni,Manifould,bmanifould8q@homestead.com,577-315-3056,7244 Rieder Avenue,Lewoeleng,Indonesia,,580
316,Kaylyn,De Wolfe,kdewolfe8r@comsenz.com,393-927-0225,5358 Steensland Alley,Jāti,Pakistan,73061,49
317,Farrell,Ciciari,fciciari8s@bloomberg.com,620-444-6722,087 Artisan Terrace,Huazhai,China,,530
318,Nicolina,Hendrickson,nhendrickson8t@godaddy.com,975-429-9456,88 American Ash Parkway,Yangzhong,China,,508
319,Fleming,Lande,flande8u@odnoklassniki.ru,603-865-5961,02714 Gina Road,Santa Cruz,Philippines,5105,459
320,Calhoun,Plank,cplank8v@hibu.com,264-210-2506,0344 Dakota Circle,Zerok-Alakadari,Afghanistan,,649
321,Ashlie,McShirie,amcshirie8w@google.co.uk,418-172-4199,18050 Claremont Lane,Ulan Hua,China,,870
322,Goddart,Wiper,gwiper8x@seattletimes.com,283-891-4260,596 Nobel Trail,’Unābah,Afghanistan,,2
323,Stacy,Steventon,ssteventon8y@pagesperso-orange.fr,883-372-2745,39415 Hallows Point,Mogotes,Colombia,682509,45
324,Gabriella,Kornalik,gkornalik8z@theatlantic.com,141-979-9246,18044 Merrick Circle,Achadinha,Portugal,9630-045,289
325,Karlis,Housaman,khousaman90@army.mil,775-707-6915,2 7th Circle,Jutrosin,Poland,63-930,427
326,Claudelle,Giraths,cgiraths91@mozilla.org,111-183-7431,03369 Maryland Drive,Bërxull,Albania,,277
327,Joanie,Alders,jalders92@scientificamerican.com,993-769-7248,7 Village Green Point,Tankhoy,Russia,671221,897
328,Jeana,Mcmanaman,jmcmanaman93@illinois.edu,508-456-9467,40 5th Court,Grand Sable,Mauritius,,120
329,Sukey,Bagge,sbagge94@scientificamerican.com,168-718-9621,70671 Karstens Pass,Markaz-e Woluswalī-ye Āchīn,Afghanistan,,295
330,Iggy,Plaice,iplaice95@discuz.net,732-926-9335,3592 Judy Drive,Wichit,Thailand,83120,344
331,Jada,Bony,jbony96@oaic.gov.au,341-450-5807,7201 Vidon Street,Amuntai,Indonesia,,942
332,Paige,Rigeby,prigeby97@weather.com,371-679-8475,142 Randy Lane,Bromont,Canada,J2L,953
333,Marty,Thoresby,mthoresby98@comcast.net,844-112-7607,41 Jana Parkway,Matungao,Philippines,9203,591
334,Winny,Portwaine,wportwaine99@sphinn.com,610-266-8509,53388 Gateway Drive,Dagui,China,,626
335,Adolpho,Ramel,aramel9a@hc360.com,473-425-3167,62786 Kings Alley,Krajan Dua Patempuran,Indonesia,,678
336,Trula,Deane,tdeane9b@tuttocitta.it,678-825-5076,39 Walton Lane,Atlanta,United States,30316,545
337,Johnathan,Fynes,jfynes9c@mapquest.com,683-516-2470,349 Leroy Drive,Calvão,Portugal,3840-045,203
338,Graeme,Caldwell,gcaldwell9d@blog.com,265-940-9835,661 Ridge Oak Way,Tanjungbatu,Indonesia,,777
339,Andy,Hamlington,ahamlington9e@telegraph.co.uk,806-771-5150,7 Superior Center,Hougong,China,,730
340,Sabrina,Watsham,swatsham9f@google.com.hk,805-469-6713,8 Stone Corner Trail,Liuji,China,,397
341,Sibilla,Cabrer,scabrer9g@angelfire.com,718-185-2243,0 Sycamore Park,Ziyuan,China,,498
342,Dierdre,Aslett,daslett9h@dion.ne.jp,581-577-6361,230 Leroy Hill,Dahu,Indonesia,,444
343,Jamesy,Redd,jredd9i@etsy.com,291-140-5081,888 Dwight Alley,Gardawice,Poland,44-246,467
344,Jerald,Tyers,jtyers9j@wikispaces.com,386-656-8133,8 Anniversary Park,Markušica,Croatia,32213,856
345,Dalton,Paulin,dpaulin9k@mtv.com,871-864-1457,62624 Utah Road,Chiba,Japan,427-0001,320
346,Sari,Folliss,sfolliss9l@posterous.com,885-439-9470,562 Reinke Terrace,Mihara,Japan,905-2264,35
347,Anestassia,Vigrass,avigrass9m@xinhuanet.com,874-462-7284,92175 Golf Trail,Allanridge,South Africa,9492,997
348,Faber,Sherebrooke,fsherebrooke9n@liveinternet.ru,671-402-2667,492 Prairie Rose Parkway,Abaeté,Brazil,35620-000,9
349,Jerrilee,Lemon,jlemon9o@ca.gov,540-359-1585,83835 Haas Pass,Lobito,Angola,,319
350,Peterus,Aasaf,paasaf9p@youtube.com,241-501-5443,6 Cottonwood Avenue,Samayac,Guatemala,10009,194
351,Chet,Strotone,cstrotone9q@51.la,874-181-7692,85 Lakewood Way,Chengzihe,China,,316
352,Constantine,Liverock,cliverock9r@dagondesign.com,755-961-1571,8 Magdeline Court,Orekhovo-Borisovo Severnoye,Russia,142717,651
353,Edna,Rubinlicht,erubinlicht9s@forbes.com,757-180-7728,34 Butternut Terrace,Bonthe,Sierra Leone,,416
354,Heidie,Bello,hbello9t@msu.edu,114-337-6256,47845 Waubesa Street,Diyarb Najm,Egypt,,166
355,Jilly,O'Shiels,joshiels9u@google.fr,387-828-5088,88176 Schurz Way,Batumi,Georgia,,980
356,Elia,Akrigg,eakrigg9v@about.com,391-465-7477,7398 Eagle Crest Crossing,Rislane,Morocco,,723
357,Nancie,Millan,nmillan9w@tiny.cc,839-963-6239,360 Sullivan Center,San Miguel de Cauri,Peru,,170
358,Carmencita,Ainsworth,cainsworth9x@amazonaws.com,934-514-0353,3 5th Hill,Khotsimsk,Belarus,,601
359,Dicky,Shyre,dshyre9y@opera.com,817-974-6406,681 Maple Wood Pass,Besançon,France,25004 CEDEX,29
360,Creighton,Cockran,ccockran9z@whitehouse.gov,781-539-0502,1 Coleman Hill,Põlva,Estonia,,502
361,Carlynne,Meineken,cmeinekena0@businesswire.com,601-948-5992,376 East Alley,Falkenberg,Sweden,311 35,589
362,Darya,Ragsdale,dragsdalea1@fotki.com,629-645-8647,93 Waxwing Drive,Suzano,Brazil,08600-000,492
363,Tucker,Tofful,ttoffula2@narod.ru,546-857-7225,16518 Dawn Road,Zarasai,Lithuania,32001,818
364,Jemimah,McLukie,jmclukiea3@jigsy.com,960-741-9531,10015 Eagle Crest Plaza,Jakhaly,Gambia,,648
365,Gladys,Hardeman,ghardemana4@si.edu,923-668-4395,44 8th Way,Espinosa,Brazil,39510-000,193
366,Forbes,Hiom,fhioma5@cnet.com,912-184-4312,060 Service Drive,Xinwan,China,,96
367,Beatrice,Bagg,bbagga6@phoca.cz,677-939-2835,8 Saint Paul Parkway,Triesenberg,Liechtenstein,9497,926
368,Bruis,Osbiston,bosbistona7@dailymail.co.uk,540-542-2489,6 Dunning Hill,Gornje Moštre,Bosnia and Herzegovina,,952
369,Geoffry,Kellaway,gkellawaya8@prweb.com,474-223-5697,81414 Jenifer Trail,Tarikolot,Indonesia,,32
370,Rafael,Scanes,rscanesa9@pagesperso-orange.fr,423-327-5069,0 Daystar Place,Bureng,Gambia,,143
371,Riccardo,Aguirrezabal,raguirrezabalaa@army.mil,776-990-4819,204 Bunting Avenue,Floresta,Colombia,150607,612
372,Amalle,Pearch,apearchab@instagram.com,382-174-5957,6283 Kipling Crossing,Kut Chum,Thailand,18190,364
373,Steward,Lucy,slucyac@soundcloud.com,415-196-5481,78 American Street,Kerema,Papua New Guinea,,141
374,Rakel,Reinger,rreingerad@vk.com,599-574-3016,7128 Fisk Court,Klobuky,Czech Republic,273 74,623
375,Laney,Spridgeon,lspridgeonae@spiegel.de,576-446-8673,90 Muir Terrace,Jadowniki,Poland,32-851,366
376,Nichols,Rowlin,nrowlinaf@nsw.gov.au,322-683-1184,62 Gale Street,Dongjiao,China,,328
377,Lira,Wincer,lwincerag@zimbio.com,866-783-0972,9 Iowa Hill,Huyunxiang,China,,46
378,Jarib,Ivashchenko,jivashchenkoah@marketwatch.com,107-813-5067,8363 Grim Lane,London,United Kingdom,EC3M,688
379,Leshia,Labdon,llabdonai@nymag.com,820-395-4176,60 Golden Leaf Avenue,Lantera,Indonesia,,165
380,Lorie,Croxon,lcroxonaj@youtu.be,644-307-0743,272 Dapin Lane,Chinchiná,Colombia,176048,10
381,Benni,Agney,bagneyak@diigo.com,789-912-1039,455 Comanche Court,Rybinsk,Russia,433782,238
382,Nicol,Debrett,ndebrettal@discuz.net,225-631-4625,38 Talmadge Junction,Fengshan,China,,194
383,Allx,Girardet,agirardetam@is.gd,358-427-7805,92961 Sugar Pass,Dobre Miasto,Poland,11-040,133
384,Torin,Elt,teltan@goodreads.com,243-328-4114,0 Shopko Lane,Suicheng,China,,385
385,Finlay,Sandyfirth,fsandyfirthao@free.fr,399-224-8444,60948 Cardinal Parkway,Maribong,Philippines,5042,486
386,Jennica,Jex,jjexap@nba.com,799-882-8627,32 Ludington Court,Dadeldhurā,Nepal,,15
387,Ced,Mylan,cmylanaq@vistaprint.com,837-969-1571,000 Raven Lane,Palilula,Serbia,,212
388,Vivyanne,Sorrie,vsorriear@prnewswire.com,814-935-9516,27 Iowa Drive,Abonnema,Nigeria,,653
389,Genevieve,Beert,gbeertas@github.com,525-108-4518,3864 Bluestem Place,Huangzhu,China,,14
390,Marten,Wurst,mwurstat@com.com,928-277-1169,73292 Sheridan Circle,Prostki,Poland,19-335,44
391,Cloe,Labbez,clabbezau@vk.com,204-349-4243,152 Ilene Center,Xinshi,China,,579
392,Ulric,McKeney,umckeneyav@bandcamp.com,183-442-4756,5 Monterey Point,Chasŏng,North Korea,,871
393,Denny,Hrishanok,dhrishanokaw@cornell.edu,939-494-2861,350 Cordelia Circle,Đồi Ngô,Vietnam,,503
394,Edna,Jorgensen,ejorgensenax@indiegogo.com,576-878-7599,362 Oneill Way,Nagorsk,Russia,613261,292
395,Robby,Richardeau,rrichardeauay@cam.ac.uk,629-260-3409,5 Farragut Court,Créteil,France,94972 CEDEX 9,479
396,Marley,D'Adamo,mdadamoaz@wsj.com,710-229-3971,44 Green Circle,Dawei,Myanmar,,187
397,Stafani,Peetermann,speetermannb0@topsy.com,712-824-8337,3797 Morrow Avenue,Guanzhou,China,,348
398,Gerianne,Kivlin,gkivlinb1@eepurl.com,503-611-8460,89 Delaware Alley,Federal,Argentina,3180,25
399,Rosco,Burdus,rburdusb2@about.com,950-779-5809,49995 Little Fleur Alley,Dnestrovsc,Moldova,MD-3352,576
400,Tammi,Remmers,tremmersb3@paypal.com,911-537-7355,661 Straubel Pass,Donan,Indonesia,,905
401,Maryanne,Revance,mrevanceb4@fastcompany.com,195-343-0356,4 Melody Way,Xiangba,China,,159
402,Stanton,Niland,snilandb5@dedecms.com,133-146-3545,36 Crownhardt Way,Koroyo,Indonesia,,952
403,Fergus,Faulds,ffauldsb6@craigslist.org,920-466-4790,3 Arizona Park,Faaone,French Polynesia,,553
404,Alicia,Guynemer,aguynemerb7@va.gov,286-914-9282,13 Eggendart Terrace,Riang Tengah,Indonesia,,323
405,Jeniffer,Petchell,jpetchellb8@independent.co.uk,106-114-2535,70651 Ilene Junction,Granada,Colombia,252257,387
406,Susannah,Peckham,speckhamb9@ycombinator.com,685-418-2483,9 Mandrake Point,Raciąż,Poland,09-140,412
407,Darb,Randales,drandalesba@weather.com,156-194-6470,065 Bashford Circle,Lubień,Poland,32-433,847
408,Karolina,Glassborow,kglassborowbb@bandcamp.com,778-735-1636,185 Maryland Park,Stříbro,Czech Republic,349 01,969
409,Silvanus,Hudless,shudlessbc@auda.org.au,884-446-2826,0 Arkansas Avenue,Bálsamo Oriental,Honduras,,820
410,Keen,Ditty,kdittybd@seesaa.net,915-522-3680,19 Bultman Parkway,Idanha-a-Nova,Portugal,6060-104,637
411,Stephi,Macy,smacybe@ucoz.com,111-315-2858,29 Vidon Pass,Yangyuan,China,,689
412,Arturo,Vargas,avargasbf@house.gov,537-446-0450,049 Westerfield Place,Mīr Bachah Kōṯ,Afghanistan,,166
413,Hubey,Plewman,hplewmanbg@elegantthemes.com,428-300-6774,71 Northridge Trail,Duqiong,China,,202
414,Torrie,Cubuzzi,tcubuzzibh@vistaprint.com,331-310-5980,2045 International Place,Puamata,Indonesia,,181
415,Web,Moresby,wmoresbybi@de.vu,522-964-6492,24 Tennessee Drive,Pasirmadang,Indonesia,,487
416,Gaelan,Giacobbo,ggiacobbobj@nydailynews.com,388-656-9749,241 Daystar Hill,Kasungu,Malawi,,634
417,Lilas,Worsfold,lworsfoldbk@google.es,707-297-5574,496 Mitchell Terrace,Yonezawa,Japan,946-0054,819
418,Zarah,Haveline,zhavelinebl@nature.com,717-145-0765,18139 American Ash Center,Lidköping,Sweden,531 85,898
419,Dall,Dunphy,ddunphybm@booking.com,253-994-0187,44849 Lake View Hill,Xia’ertai,China,,458
420,Shannan,Painter,spainterbn@fotki.com,846-516-4680,09981 Karstens Plaza,Vejprnice,Czech Republic,330 27,239
421,Alanah,Goldsworthy,agoldsworthybo@hc360.com,510-242-6904,66183 Aberg Terrace,Taber,Canada,T1G,759
422,Fenelia,Beglin,fbeglinbp@hp.com,457-315-1246,423 Clove Court,Jinjiang,China,,743
423,Harli,Mathelin,hmathelinbq@newyorker.com,454-384-0677,02070 Golf Place,Nunguan,Philippines,9610,847
424,Kerwinn,Yerrington,kyerringtonbr@china.com.cn,696-331-8608,9 Longview Road,Mariental,Namibia,,904
425,Eimile,Senechell,esenechellbs@engadget.com,810-585-9086,3797 Lukken Terrace,Ushuaia,Argentina,9410,416
426,Cornelia,Haldon,chaldonbt@princeton.edu,164-567-8550,5713 Melody Avenue,Molchanovo,Russia,636330,938
427,Daffie,Wimsett,dwimsettbu@newyorker.com,830-445-9372,084 Longview Pass,Petaling Jaya,Malaysia,46675,33
428,Kathie,Doust,kdoustbv@google.com.br,733-631-7111,3483 Moland Junction,Stari Bohorodchany,Ukraine,,201
429,Witty,Perry,wperrybw@mayoclinic.com,417-737-3045,1 Ronald Regan Trail,Tawau,Malaysia,91020,460
430,Donnell,Penhaligon,dpenhaligonbx@addthis.com,613-348-3876,6258 Northview Drive,Shangdongjie,China,,194
431,Alain,Tanby,atanbyby@artisteer.com,984-631-6655,592 Ludington Hill,Bayan,Indonesia,,973
432,Florence,Roels,froelsbz@businessinsider.com,324-617-9845,51574 Jackson Point,Butuan,Philippines,9021,505
433,Candis,O'Nowlan,conowlanc0@goo.gl,952-341-3554,87 Ridgeview Alley,Young America,United States,55564,68
434,Lenard,Gawke,lgawkec1@google.it,207-232-6394,95 Waywood Avenue,Mandaguari,Brazil,86975-000,369
435,Hannis,Allnutt,hallnuttc2@home.pl,280-380-1007,18654 Alpine Plaza,Ystad,Sweden,271 22,25
436,Alicea,Ventura,aventurac3@nyu.edu,382-150-9212,599 Darwin Trail,Bantaeng,Indonesia,,319
437,Reggie,Jilliss,rjillissc4@ow.ly,359-712-8366,9820 Carioca Crossing,Jember,Indonesia,,388
438,Anette,Kurth,akurthc5@illinois.edu,796-468-1368,10106 Stang Center,Sovetskiy,Russia,188918,872
439,Sadie,Heyward,sheywardc6@diigo.com,202-923-8307,790 Milwaukee Park,Horana South,Sri Lanka,12440,56
440,Axe,Sotheron,asotheronc7@opensource.org,294-680-8557,7844 Lindbergh Circle,Liushun,China,,968
441,Uta,Kentwell,ukentwellc8@sfgate.com,814-628-8694,78373 Comanche Point,Lagoa da Prata,Brazil,35590-000,841
442,Miquela,McPhelimey,mmcphelimeyc9@bigcartel.com,494-894-9784,73 Alpine Circle,Al Qardāḩah,Syria,,590
443,Abdel,Habbon,ahabbonca@facebook.com,105-146-8993,21 Kennedy Trail,Diekirch,Luxembourg,L-9378,952
444,Aura,Conybear,aconybearcb@angelfire.com,806-954-1806,150 Scofield Center,Harrison Brook,Canada,E7E,806
445,Chauncey,Harlowe,charlowecc@de.vu,444-129-3058,269 Kensington Lane,Banes,Cuba,,966
446,Anica,Clapshaw,aclapshawcd@simplemachines.org,781-185-3730,62 Pepper Wood Trail,São Lourenço,Brazil,37470-000,217
447,Kippy,Risely,kriselyce@nasa.gov,102-709-4242,15 Sachs Road,Svedala,Sweden,233 94,120
448,Annette,Aldin,aaldincf@reverbnation.com,368-641-1297,02626 Charing Cross Alley,Kanganpur,Pakistan,55000,51
449,Daniel,Heys,dheyscg@example.com,530-884-4246,013 Prentice Plaza,Hengling,China,,430
450,Evangeline,Dimmne,edimmnech@psu.edu,876-386-3512,59957 2nd Street,Viking,Canada,E4G,640
451,Edouard,Dyerson,edyersonci@chronoengine.com,897-208-6579,714 Monica Place,Hulu,China,,311
452,Sherye,Willbond,swillbondcj@washington.edu,148-377-6076,0 Norway Maple Parkway,Vinkkilä,Finland,23201,188
453,Elwin,Heikkinen,eheikkinenck@booking.com,439-195-7128,363 Roxbury Avenue,Jiuzhou,China,,61
454,Darelle,Clorley,dclorleycl@google.ca,803-238-7389,4047 Commercial Avenue,Notsé,Togo,,320
455,Carlene,Ruppertz,cruppertzcm@macromedia.com,207-886-0763,8 Bunting Street,Polonnaruwa,Sri Lanka,51000,386
456,Sheffield,Capps,scappscn@pinterest.com,979-202-6381,3949 Doe Crossing Crossing,Alivéri,Greece,,784
457,Walker,Ingrem,wingremco@google.ru,447-396-8477,60 Northridge Crossing,Qızılhacılı,Azerbaijan,,0
458,Uriah,Ferraresi,uferraresicp@yellowbook.com,606-978-2293,551 Evergreen Parkway,Pulau Pinang,Malaysia,10512,893
459,Quent,Hunter,qhuntercq@nytimes.com,205-302-8818,61 Sommers Terrace,Orosh,Albania,,911
460,Wait,Guidelli,wguidellicr@pinterest.com,983-523-6839,6601 Oak Valley Hill,Sikeshu,China,,10
461,Dani,Revill,drevillcs@google.it,899-335-9872,43 American Place,Nova Iguaçu,Brazil,26000-000,489
462,Katrinka,Bonanno,kbonannoct@cmu.edu,992-912-7441,3718 Bartelt Plaza,Ranot,Thailand,90140,354
463,Bili,Gregine,bgreginecu@etsy.com,601-534-6005,93867 Elgar Plaza,Tukuyu,Tanzania,,944
464,Buddie,Plampeyn,bplampeyncv@timesonline.co.uk,134-172-0006,8 Buhler Parkway,Xinxing,China,,914
465,Teri,Marishenko,tmarishenkocw@apache.org,931-953-3264,42 Bellgrove Circle,A Yun Pa,Vietnam,,837
466,Jayson,Edleston,jedlestoncx@oracle.com,636-104-7725,60 Larry Center,Grabów nad Prosną,Poland,90-510,108
467,Early,Gopsill,egopsillcy@a8.net,367-770-0540,8669 Graedel Alley,Pilang,Indonesia,,203
468,Corilla,Whillock,cwhillockcz@about.me,628-548-3871,21 Melody Pass,Haysyn,Ukraine,,879
469,Rodina,Choppin,rchoppind0@acquirethisname.com,998-243-1911,466 Transport Crossing,Karangsumber,Indonesia,,715
470,Bastian,Lindell,blindelld1@furl.net,674-282-2825,09017 Paget Crossing,Primorsko-Akhtarsk,Russia,353866,829
471,Lucille,Jay,ljayd2@dyndns.org,472-706-4963,999 Melody Center,Nzega,Rwanda,,440
472,Piggy,Cranefield,pcranefieldd3@is.gd,365-160-4488,04 Westridge Pass,Gimry,Russia,368959,965
473,Piggy,Harber,pharberd4@stanford.edu,723-643-1755,50754 Swallow Pass,Qaxbaş,Azerbaijan,,615
474,Ugo,Dimitru,udimitrud5@hubpages.com,624-103-6426,511 Lakewood Gardens Alley,North Side,Cayman Islands,,967
475,Emmanuel,Casseldine,ecasseldined6@geocities.com,389-153-0017,7605 3rd Lane,Tanniu,China,,93
476,Lorne,Passo,lpassod7@accuweather.com,973-410-2454,7 Blue Bill Park Terrace,Kotanopan,Indonesia,,300
477,Bessie,Colisbe,bcolisbed8@wikispaces.com,878-999-4030,63 Bobwhite Center,Hobart,Australia,7808,21
478,Kerianne,Reese,kreesed9@google.es,828-219-6795,3 Continental Road,Patía,Colombia,195509,236
479,Caye,Drissell,cdrissellda@cmu.edu,321-615-0967,34 Eagle Crest Trail,Estefania,Philippines,3505,479
480,Matty,Askin,maskindb@nyu.edu,466-206-8554,6 Coleman Pass,Chengnan,China,,960
481,Ophelie,Aloshikin,oaloshikindc@mayoclinic.com,507-567-5387,17696 Bunker Hill Circle,Zaporizhzhya,Ukraine,,529
482,Melanie,Killough,mkilloughdd@over-blog.com,458-863-7719,671 Sundown Avenue,Boshof,South Africa,8340,350
483,Hamnet,Niessen,hniessende@wikispaces.com,438-630-5536,38968 Fordem Trail,Karangasem Laok,Indonesia,,253
484,Ddene,Laird-Craig,dlairdcraigdf@sciencedaily.com,301-266-4443,4 Mosinee Crossing,Boyany,Ukraine,,176
485,Stanislaw,Fearnside,sfearnsidedg@ft.com,323-787-4635,167 Melby Place,Carlos Tejedor,Argentina,6455,792
486,Carmel,Watson-Brown,cwatsonbrowndh@shutterfly.com,866-639-9279,29035 Arapahoe Plaza,Geoktschai,Azerbaijan,,676
487,Kelci,Seedhouse,kseedhousedi@ycombinator.com,745-556-5538,3691 Muir Center,Vänersborg,Sweden,462 87,293
488,Donia,Harmson,dharmsondj@fda.gov,127-764-2118,0246 Beilfuss Terrace,Kizhinga,Russia,671450,734
489,Diane,Proppers,dproppersdk@ustream.tv,651-722-5145,601 Brickson Park Circle,Argelia,Colombia,761517,463
490,Karlis,Moulds,kmouldsdl@slashdot.org,644-978-0622,7 Larry Drive,Grodków,Poland,49-200,202
491,Johnath,Blazewski,jblazewskidm@seesaa.net,600-863-2907,512 Blackbird Alley,Bruxelles,Belgium,1170,230
492,Mattias,Braunle,mbraunledn@mashable.com,516-100-3561,3794 Eastlawn Crossing,Arras,France,62972 CEDEX 9,16
493,Janey,Ivashechkin,jivashechkindo@tripod.com,394-133-8867,8672 Starling Alley,Qaşr Hallāl,Tunisia,,983
494,Gaye,Mates,gmatesdp@hatena.ne.jp,674-626-4979,261 Russell Street,Mierzęcice,Poland,42-460,261
495,Minette,Dickman,mdickmandq@printfriendly.com,455-633-1967,2441 Miller Hill,Hamberang Sabrang,Indonesia,,393
496,Omero,Nutbrown,onutbrowndr@kickstarter.com,421-404-7038,11416 Schlimgen Center,Telč,Czech Republic,588 62,251
497,Maxie,Genny,mgennyds@phpbb.com,523-355-4812,7 Mendota Point,Wlingi,Indonesia,,186
498,Neal,Bentley,nbentleydt@tuttocitta.it,703-969-6944,694 Grim Road,London,United Kingdom,EC3M,45
499,Cami,Le Barre,clebarredu@loc.gov,819-345-9459,25 Kenwood Lane,Bueng Khong Long,Thailand,39180,295
500,Jyoti,Crame,jcramedv@topsy.com,995-552-4843,028 Hanover Hill,Bumbuna,Sierra Leone,,416
501,Katalin,Le Hucquet,klehucquetdw@wp.com,575-868-9654,880 Karstens Park,Dong Liang’erzhuang,China,,105
502,Ray,O'Crigane,rocriganedx@mlb.com,774-464-9605,17244 Glendale Street,Fajsławice,Poland,21-060,318
503,Norry,Hulse,nhulsedy@goo.gl,409-668-7611,31 Clove Parkway,Dharān Bāzār,Nepal,,590
504,Arturo,Dilleston,adillestondz@upenn.edu,566-396-1243,0806 Rieder Road,Ogwashi-Uku,Nigeria,,535
505,Cristal,Fotherby,cfotherbye0@soundcloud.com,392-631-4767,39373 Kensington Avenue,Tulyushka,Russia,665321,969
506,James,Toon,jtoone1@tripadvisor.com,804-489-6625,07219 Dahle Court,Makapanstad,South Africa,8468,657
507,Alyosha,Henfre,ahenfree2@yolasite.com,624-718-8215,684 Delaware Terrace,La Huerta,Mexico,48850,702
508,Thekla,Oliveras,toliverase3@usatoday.com,563-709-9941,583 Logan Point,Sukamahi Satu,Indonesia,,695
509,Vanny,Moorerud,vmoorerude4@hexun.com,565-204-3307,356 Glacier Hill Trail,San Fernando de Atabapo,Venezuela,,844
510,Brooke,Reddan,breddane5@woothemes.com,114-864-6300,766 Glendale Lane,Jugantang,Indonesia,,81
511,Merridie,Macrow,mmacrowe6@bravesites.com,841-674-5309,51 Calypso Drive,Sidomukti,Indonesia,,888
512,Casie,Wortman,cwortmane7@blogspot.com,200-920-7132,61 Saint Paul Place,Växjö,Sweden,352 44,48
513,Caye,Whyborne,cwhybornee8@webs.com,952-524-7340,97039 Weeping Birch Terrace,Shah Alam,Malaysia,40990,480
514,Hoyt,Kittiman,hkittimane9@xing.com,725-473-1677,381 Golden Leaf Park,Ngawi,Indonesia,,383
515,Bartolemo,Freear,bfreearea@oracle.com,388-278-7879,18 Tennessee Plaza,Lam Sonthi,Thailand,71160,100
516,Jolene,McAleese,jmcaleeseeb@java.com,947-483-0955,73 Kensington Plaza,Mangere,New Zealand,2154,43
517,Glen,Maciaszek,gmaciaszekec@t.co,404-816-6669,33996 Center Road,Atlanta,United States,30328,111
518,Lee,Heisman,lheismaned@psu.edu,523-219-7190,664 Northwestern Road,Leiling,China,,345
519,Thibaut,Lennarde,tlennardeee@mysql.com,806-552-2211,01817 Menomonie Court,Kolonnawa,Sri Lanka,10600,30
520,Ansel,Burdikin,aburdikinef@newsvine.com,244-551-6430,01 Birchwood Alley,Zaliznychne,Ukraine,,306
521,Ruthe,Pyson,rpysoneg@army.mil,669-599-6587,5354 Grasskamp Pass,Penamacor,Portugal,6090-511,308
522,Herrick,Lean,hleaneh@plala.or.jp,907-645-3795,69 Talisman Trail,Casselman,Canada,G8A,533
523,Hillary,Maydway,hmaydwayei@jalbum.net,799-567-7809,74 Dennis Center,Puerto Santander,Colombia,548037,25
524,Shelli,McGoldrick,smcgoldrickej@google.es,640-586-5704,4 Dexter Avenue,Amphoe Sikhiu,Thailand,30140,522
525,April,Beddon,abeddonek@geocities.com,893-185-7048,6466 Paget Junction,Pedro Sánchez,Dominican Republic,10514,719
526,Tomasine,Mc Pake,tmcpakeel@fda.gov,633-311-8507,2533 Barnett Hill,Groningen,Netherlands,9730,317
527,Judah,Geraudy,jgeraudyem@tiny.cc,957-148-5911,9 Steensland Hill,Shalazhi,Russia,366526,61
528,Alverta,Rennix,arennixen@woothemes.com,337-290-2003,3 West Pass,Trnovlje pri Celju,Slovenia,3215,349
529,Lexi,Snarr,lsnarreo@mashable.com,814-770-1149,1652 Gerald Alley,Reykjanesbær,Iceland,235,670
530,Cheston,Mattiessen,cmattiessenep@google.de,320-126-1982,038 Mayfield Hill,Buíque,Brazil,56520-000,338
531,Merilyn,Janaszkiewicz,mjanaszkiewiczeq@rakuten.co.jp,904-389-6687,45 Oriole Alley,Vary,Ukraine,,137
532,Merrill,Vankov,mvankover@soundcloud.com,929-739-6579,68 Dunning Lane,Migori,Kenya,,131
533,Toinette,Oade,toadees@github.com,301-950-2029,58 Hauk Parkway,Karangpawitan,Indonesia,,939
534,Lula,Brilleman,lbrillemanet@diigo.com,423-638-0872,2202 Thierer Terrace,Zijin,China,,859
535,Burgess,Marciek,bmarciekeu@craigslist.org,587-720-2990,92632 Esch Circle,Gvardeysk,Russia,162160,939
536,Hermann,Cartin,hcartinev@jimdo.com,995-869-5424,143 Bartelt Avenue,Palaiochóri,Greece,,686
537,Rollo,Culcheth,rculchethew@skyrock.com,941-146-5397,800 Garrison Hill,Sevilla,Spain,41020,280
538,Madeleine,Mancer,mmancerex@shutterfly.com,439-315-6772,4984 Pierstorff Crossing,Lisków,Poland,62-850,883
539,Igor,Waudby,iwaudbyey@cbc.ca,368-832-4367,168 Vernon Terrace,Aguazul,Colombia,856019,415
540,Noach,Althorpe,nalthorpeez@istockphoto.com,819-895-8481,70 Glendale Lane,Huangtan,China,,710
541,Andie,Dukelow,adukelowf0@nhs.uk,193-918-1620,5 Corscot Junction,Villeurbanne,France,69624 CEDEX,451
542,Cami,Cawsy,ccawsyf1@istockphoto.com,281-353-9277,5 Mesta Pass,Houston,United States,77293,232
543,Nonnah,Bogays,nbogaysf2@accuweather.com,457-883-9558,13523 Dottie Park,Xinyang,China,,980
544,Madeleine,McGeaney,mmcgeaneyf3@si.edu,875-195-7448,163 Hallows Way,Butiá,Brazil,96750-000,705
545,Jerrie,Harder,jharderf4@moonfruit.com,974-775-9597,9 Lyons Park,Maroanging,Indonesia,,67
546,Eula,Cella,ecellaf5@wix.com,222-128-6621,64270 Moose Lane,Volot,Russia,175100,842
547,Gayelord,Lilbourne,glilbournef6@columbia.edu,508-597-3742,421 Fairfield Drive,New Bedford,United States,02745,112
548,Elden,Pettigrew,epettigrewf7@wikia.com,503-391-3715,3540 Novick Pass,Veldhoven,Netherlands,5509,431
549,Paola,Heining,pheiningf8@cdbaby.com,884-170-5804,6 Lakewood Center,Smokvica,Croatia,23249,953
550,Dania,Roxby,droxbyf9@homestead.com,428-973-3139,9 Del Mar Terrace,Taozhuang,China,,461
551,Dreddy,Vale,dvalefa@fda.gov,257-941-0875,4 Portage Lane,Zhukeng,China,,238
552,Louise,Bockett,lbockettfb@soup.io,606-834-8138,15 Oak Crossing,Adamantina,Brazil,17800-000,693
553,Thibaud,Golda,tgoldafc@spotify.com,392-317-6260,65 Dryden Place,Dubrovka,Russia,242750,554
554,Blythe,Dawidman,bdawidmanfd@behance.net,978-150-6961,37052 Independence Circle,Zaliznychne,Ukraine,,189
555,Andrei,Capponer,acapponerfe@google.pl,400-361-9702,2 Warbler Terrace,Gegernoong,Indonesia,,711
556,Adelind,McAneny,amcanenyff@gov.uk,391-544-1966,606 Gateway Street,Tabogon,Philippines,6009,216
557,Ddene,Windram,dwindramfg@howstuffworks.com,266-233-6310,0180 Daystar Center,Timashëvsk,Russia,352708,244
558,Kirsten,Stopps,kstoppsfh@thetimes.co.uk,275-525-3668,5 Nobel Junction,Ouani,Comoros,,204
559,Marcos,Coare,mcoarefi@prlog.org,314-314-5745,1 Duke Street,Pambuhan,Philippines,8303,851
560,Agace,Hark,aharkfj@icio.us,308-594-9007,27884 Surrey Terrace,Châteauroux,France,36009 CEDEX,851
561,Frayda,Child,fchildfk@gnu.org,116-896-0861,0 Carey Trail,Lappajärvi,Finland,62601,724
562,Tiler,Nulty,tnultyfl@gizmodo.com,531-299-3844,846 Mayfield Court,Amancio,Cuba,,323
563,Pierette,Carcass,pcarcassfm@arizona.edu,871-854-8503,96918 Sullivan Avenue,Injīl,Afghanistan,,481
564,Dennie,Winchcomb,dwinchcombfn@shinystat.com,464-405-9643,5179 Corben Terrace,Ptení,Czech Republic,798 43,720
565,Mignon,Craythorne,mcraythornefo@berkeley.edu,897-193-8196,730 New Castle Pass,Bourg-lès-Valence,France,26504 CEDEX,579
566,Adela,Spence,aspencefp@de.vu,527-524-0641,10 Oakridge Junction,Jacutinga,Brazil,99730-000,922
567,Janelle,Osan,josanfq@techcrunch.com,580-310-1679,056 Sundown Circle,Banyue,China,,399
568,Melba,Kershow,mkershowfr@wordpress.com,249-674-8808,03 Manitowish Trail,Brak,Libya,,544
569,Hermione,Wiskar,hwiskarfs@histats.com,887-698-3886,90450 Bartelt Street,Pohbango,Indonesia,,404
570,Elisha,Mundford,emundfordft@smh.com.au,642-378-9616,635 Mcguire Pass,Borgarnes,Iceland,311,126
571,Giselle,Statton,gstattonfu@xrea.com,279-371-6575,7 Johnson Alley,Perstorp,Sweden,284 92,170
572,Alvis,Thow,athowfv@arizona.edu,670-547-9340,0437 Maywood Way,Hobscheid,Luxembourg,L-8374,408
573,Anny,Cawsey,acawseyfw@reddit.com,367-548-6347,2 North Trail,Toukh,Egypt,,989
574,Kristopher,Fretter,kfretterfx@mlb.com,323-747-0612,84 Hagan Way,Guanmiao,China,,30
575,Erl,Garlette,egarlettefy@shutterfly.com,755-474-7413,06 Eastlawn Place,Russkaya Polyana,Russia,646780,459
576,Tessa,Gateshill,tgateshillfz@ted.com,936-836-7537,2227 Holmberg Hill,Huangyuan Chengguanzhen,China,,983
577,Dasi,Maffeo,dmaffeog0@wikimedia.org,697-617-4111,53 Declaration Terrace,Rodas,Cuba,,69
578,Rockey,Lockwood,rlockwoodg1@theguardian.com,719-143-9550,454 Fairfield Trail,Arco de Baúlhe,Portugal,4860-045,249
579,Halsey,Dammarell,hdammarellg2@nps.gov,278-681-3903,86537 Menomonie Place,La Azulita,Venezuela,,576
580,Olive,Digby,odigbyg3@reference.com,737-586-0768,2 Valley Edge Road,Bueng Samakkhi,Thailand,34350,873
581,Lindie,Agglione,lagglioneg4@nydailynews.com,853-645-9367,9 Truax Crossing,Riosucio,Colombia,178057,243
582,Wandis,Wyldish,wwyldishg5@github.com,622-649-9632,6876 Eggendart Junction,Kuiyong,China,,48
583,Germain,Scotts,gscottsg6@last.fm,296-230-5606,50 Duke Avenue,Fushi,China,,43
584,Sky,Vakhrushin,svakhrushing7@topsy.com,239-283-7901,9 Harbort Crossing,Tungoo,Indonesia,,481
585,Reggie,Valentetti,rvalentettig8@cdc.gov,678-691-9586,1818 Fairview Lane,Shijing,China,,859
586,Eydie,Isacoff,eisacoffg9@surveymonkey.com,301-127-7643,044 Gerald Street,Ilha de Moçambique,Mozambique,,564
587,Dusty,Trounce,dtrouncega@yahoo.co.jp,333-298-8022,633 Barby Pass,Tai’an,China,,838
588,Martha,Bathurst,mbathurstgb@networksolutions.com,706-921-2973,8 Talisman Trail,Cidolog,Indonesia,,961
589,Damien,Pinare,dpinaregc@java.com,224-589-9299,482 Muir Street,Psebay,Russia,352585,325
590,Phylis,Tilburn,ptilburngd@slashdot.org,676-511-1929,20287 Gulseth Crossing,General Luna,Philippines,6335,880
591,Lucho,Splain,lsplainge@tamu.edu,513-211-6747,4423 Warrior Pass,Örebro,Sweden,701 91,125
592,Dulcea,Jimmison,djimmisongf@slate.com,510-455-9150,2 Sugar Street,Sabugo,Portugal,2715-364,749
593,Phedra,Ruddin,pruddingg@noaa.gov,865-984-3716,42 Luster Trail,Kuznechnoye,Russia,462422,545
594,Ralf,Penk,rpenkgh@nydailynews.com,678-803-8531,31254 Harper Point,Mauá,Brazil,09300-000,838
595,Buck,Wileman,bwilemangi@msn.com,344-428-6369,64861 Di Loreto Plaza,Lijia,China,,992
596,Evangelina,Joskowitz,ejoskowitzgj@drupal.org,786-178-1653,469 Emmet Road,Omoa,Honduras,,147
597,Wyatan,Burnham,wburnhamgk@imageshack.us,287-300-4615,96 Michigan Park,Fuwen,China,,102
598,Stuart,Rosser,srossergl@godaddy.com,753-226-9836,422 Comanche Crossing,Pagaden,Indonesia,,479
599,Anne,Bleddon,ableddongm@ted.com,855-860-9560,3 Twin Pines Court,Sidi Qacem,Morocco,,228
600,Taite,Hacker,thackergn@loc.gov,663-500-4220,953 Kedzie Hill,Cariamanga,Ecuador,,322
601,Hobey,Andrieux,handrieuxgo@gnu.org,958-820-9693,9868 Anthes Center,Longjumeau,France,91169 CEDEX,507
602,Jermaine,Marioneau,jmarioneaugp@purevolume.com,662-783-8675,58710 Melvin Trail,Winburg,South Africa,9421,489
603,Fidole,Broadway,fbroadwaygq@prnewswire.com,726-663-3737,8589 Eastlawn Plaza,Zvenigorod,Russia,143035,864
604,Kingsly,Malcolm,kmalcolmgr@sun.com,287-904-8473,48720 Vera Lane,Noailles,France,60434 CEDEX,260
605,Betti,Soot,bsootgs@uol.com.br,304-788-2257,754 Tennessee Court,Mólos,Greece,,384
606,Phaidra,Rubinowitz,prubinowitzgt@tripadvisor.com,457-296-6054,492 Longview Place,Mayumba,Gabon,,581
607,Rickie,Ambroz,rambrozgu@aol.com,362-420-0539,22328 Huxley Crossing,Ledoy,Peru,,839
608,Tommi,Heistermann,theistermanngv@addthis.com,803-815-1232,8 Prentice Trail,Novikovo,Russia,659518,229
609,Sammy,Rope,sropegw@meetup.com,355-167-7031,2 South Point,Bébédja,Chad,,886
610,Dukey,Gerardet,dgerardetgx@sitemeter.com,150-620-3066,60599 Duke Terrace,Curug,Indonesia,,616
611,Stafford,Sleightholm,ssleightholmgy@rambler.ru,908-518-4539,44566 Lerdahl Junction,Bularit,Philippines,2302,161
612,Ephrem,Izat,eizatgz@hhs.gov,807-522-9988,1159 Summerview Park,Hotaka,Japan,399-8303,511
613,Valene,McCreagh,vmccreaghh0@pagesperso-orange.fr,355-914-1768,5 Leroy Crossing,Xiyuan,China,,848
614,Ches,Jenney,cjenneyh1@intel.com,461-135-7192,932 Tennessee Road,Ciénaga de Oro,Colombia,232538,703
615,Adel,Budgett,abudgetth2@ft.com,281-781-4534,2628 Riverside Avenue,Al Fandaqūmīyah,Palestinian Territory,,863
616,Julie,Reilingen,jreilingenh3@cnn.com,100-762-7826,1650 Farragut Crossing,Moju,Brazil,68450-000,941
617,Pembroke,McCurley,pmccurleyh4@twitter.com,529-297-6951,8186 Clove Trail,Nowy Korczyn,Poland,28-136,728
618,Sharline,Davinet,sdavineth5@geocities.com,301-647-1313,20692 Union Way,Železnice,Czech Republic,507 13,226
619,Austin,Dallicott,adallicotth6@phpbb.com,198-722-1292,348 Towne Way,Tabira,Brazil,56780-000,51
620,Collie,Riseley,criseleyh7@example.com,764-762-8296,48409 Blaine Road,Tanjung,Indonesia,,387
621,Martainn,Morston,mmorstonh8@aol.com,804-410-9136,74 Butternut Way,Magay,Philippines,6344,14
622,Aristotle,Biggen,abiggenh9@google.it,438-748-2662,363 Dovetail Alley,Hammarö,Sweden,663 42,376
623,Jennette,Nise,jniseha@tuttocitta.it,211-631-2747,684 Parkside Way,Doruchów,Poland,63-505,177
624,Rozalie,Davidove,rdavidovehb@chicagotribune.com,642-487-3018,0 Leroy Street,Masku,Finland,21251,220
625,Penni,Rumgay,prumgayhc@netvibes.com,798-504-4818,172 Emmet Terrace,Wushishi,Nigeria,,905
626,Niccolo,Coulthard,ncoulthardhd@discovery.com,160-955-1236,575 Eastwood Lane,Pendembu,Sierra Leone,,835
627,Salomon,Vallintine,svallintinehe@constantcontact.com,929-411-3736,19784 Sycamore Terrace,Pryazovs’ke,Ukraine,,121
628,Sherrie,Tellenbrok,stellenbrokhf@about.me,500-432-8412,5 Tomscot Center,Książki,Poland,87-222,256
629,Jodie,Werrett,jwerretthg@jalbum.net,172-498-4915,8938 Rieder Road,Nikísiani,Greece,,382
630,Anna-maria,Mellanby,amellanbyhh@samsung.com,242-887-0533,5910 Grasskamp Pass,Colotenango,Guatemala,13019,420
631,Iago,Humfrey,ihumfreyhi@ucla.edu,975-464-2819,796 Duke Alley,Le Lamentin,Martinique,97294 CEDEX 2,352
632,Timmie,McSkin,tmcskinhj@home.pl,231-283-7782,3543 Ryan Drive,Quimbaya,Colombia,634027,493
633,Amabel,Eul,aeulhk@naver.com,273-680-2737,09162 Manley Center,Chaihe,China,,607
634,Georgeta,Hattoe,ghattoehl@bloglovin.com,914-487-6256,443 Parkside Place,San Isidro,Peru,,171
635,Catharine,Leadstone,cleadstonehm@discovery.com,277-455-1970,109 Russell Circle,Lubień,Poland,32-433,744
636,Tybie,Hannah,thannahhn@issuu.com,951-620-1056,849 Heffernan Parkway,San Antonio,Peru,,433
637,Ilse,Warbrick,iwarbrickho@altervista.org,919-292-0983,11177 Redwing Terrace,Birao,Central African Republic,,205
638,Tobin,Yoskowitz,tyoskowitzhp@cbc.ca,830-746-1945,7 Browning Center,Mandera,Kenya,,723
639,Binky,Carvilla,bcarvillahq@xing.com,633-130-7293,51 Briar Crest Plaza,Malaga,Spain,29010,652
640,Hortensia,Muckian,hmuckianhr@dropbox.com,974-649-7358,0 Bowman Alley,Amherst,Canada,B4H,811
641,Kaleb,Slocumb,kslocumbhs@xrea.com,888-899-4029,0 Logan Parkway,Ziyang Chengguanzhen,China,,635
642,Stearn,Twitchett,stwitchettht@wunderground.com,970-305-6015,06128 Bultman Lane,Balakasap,Indonesia,,943
643,Laurena,Kinder,lkinderhu@fotki.com,733-703-5498,49 Monument Court,Nombre de Jesús,Honduras,,656
644,Gerick,Liggett,gliggetthv@lulu.com,382-454-1234,69 Walton Circle,Geneng Tengah,Indonesia,,711
645,Belva,Viles,bvileshw@samsung.com,578-985-2453,8693 Fulton Court,Lekaj,Albania,,461
646,Marion,Rewan,mrewanhx@last.fm,591-618-2197,36722 Clyde Gallagher Avenue,Lomba do Loução,Portugal,9650-245,364
647,Boris,Starrs,bstarrshy@blogspot.com,392-130-6231,261 Schurz Junction,Chejiazhuang,China,,474
648,Sile,Groombridge,sgroombridgehz@yellowbook.com,426-360-3995,72 Loomis Avenue,Hoktember,Armenia,,828
649,Kylie,Cunliffe,kcunliffei0@unesco.org,564-697-0789,1 Fairfield Pass,Winseler,Luxembourg,L-9696,467
650,Brooke,Bramley,bbramleyi1@time.com,170-909-7329,4 Macpherson Place,Seiça,Portugal,2435-609,38
651,Avril,Uttley,auttleyi2@nifty.com,637-237-8071,19514 Prairieview Avenue,Hanbin,China,,575
652,Brynna,Jeduch,bjeduchi3@freewebs.com,269-478-5631,46023 Texas Hill,San Pedro Necta,Guatemala,13006,971
653,Husein,Powderham,hpowderhami4@comcast.net,966-198-2757,37 Walton Crossing,Oslo,Norway,0968,372
654,Lorry,Duddy,lduddyi5@deliciousdays.com,172-767-0366,4 Charing Cross Point,Changsha,China,,227
655,Lynett,Graver,lgraveri6@seattletimes.com,603-950-2367,1 Evergreen Point,Kedungbanteng Krajan,Indonesia,,131
656,Edmund,Volett,evoletti7@weather.com,724-978-2440,8284 Cardinal Plaza,Mora,Cameroon,,988
657,Archer,Caselli,acasellii8@meetup.com,574-232-3596,86 Fordem Junction,Zagórów,Poland,62-410,969
658,Martie,Oventon,moventoni9@github.io,634-861-1834,1 Huxley Street,Magisterial,Mexico,32350,241
659,Ferdie,Avramovich,favramovichia@patch.com,915-850-9587,078 Montana Pass,Obiaruku Quarters,Nigeria,,632
660,Nadine,Weaving,nweavingib@usatoday.com,167-107-4765,032 Bluestem Avenue,Xinjia,China,,792
661,Torrance,Boutcher,tboutcheric@cbc.ca,636-262-9886,8315 Chinook Point,Río Hondo,Guatemala,19003,516
662,Sly,Belchamber,sbelchamberid@time.com,912-768-1904,8 Londonderry Avenue,Yanagawa,Japan,990-1274,868
663,Janice,Kenan,jkenanie@1688.com,679-337-8769,4 Westridge Pass,Bogra,Bangladesh,4520,461
664,Allianora,Corbishley,acorbishleyif@google.it,290-717-5391,1 Monterey Pass,Molsheim,France,67124 CEDEX,318
665,Booth,Eschalette,beschaletteig@unicef.org,939-418-5086,8313 Almo Lane,Miaoxi,China,,384
666,Temple,Aps,tapsih@liveinternet.ru,460-785-2638,09414 Westerfield Alley,Fujia,China,,142
667,Cash,Spurnier,cspurnierii@whitehouse.gov,315-934-9490,2 Sachtjen Circle,Allada,Benin,,303
668,Idalia,Easun,ieasunij@ihg.com,522-161-0787,5902 Hauk Parkway,Horana South,Sri Lanka,12440,767
669,Nina,Roxby,nroxbyik@soup.io,839-722-4982,52 Bluejay Drive,Casa Branca,Brazil,13700-000,897
670,Davy,Beevors,dbeevorsil@wikia.com,311-866-7325,9 Warner Hill,Rustam jo Goth,Pakistan,78051,918
671,Darda,Vasyuchov,dvasyuchovim@bloglines.com,165-935-5807,59 Oxford Avenue,Saltsjöbaden,Sweden,133 41,913
672,Jone,O' Connell,joconnellin@merriam-webster.com,337-967-0597,0 Badeau Crossing,Lafayette,United States,70505,120
673,Frank,Dottrell,fdottrellio@boston.com,696-428-7359,17 Carey Place,Chiara,Peru,,663
674,Felicle,Cardoo,fcardooip@xrea.com,914-745-1377,6588 Esker Point,Heka,China,,709
675,Norah,Cleve,ncleveiq@moonfruit.com,869-836-0691,4 Duke Junction,Ziway,Ethiopia,,749
676,Denni,Akker,dakkerir@blogger.com,448-931-0047,302 New Castle Center,El Tabo,Chile,,378
677,Jordanna,Schultheiss,jschultheissis@bbb.org,582-542-0257,94 Kennedy Terrace,Shanhou,China,,45
678,Nerti,Burnes,nburnesit@google.cn,981-290-2659,546 Village Green Plaza,Bongao,Philippines,7500,620
679,Blythe,McMyler,bmcmyleriu@squidoo.com,180-351-2380,61 Algoma Drive,Sabang,Philippines,8702,340
680,Almire,Spellman,aspellmaniv@w3.org,772-917-5327,256 Hansons Parkway,Néos Skopós,Greece,,489
681,Fredrick,Haslehurst,fhaslehurstiw@oakley.com,791-356-8698,6252 Bayside Road,Västerås,Sweden,724 68,20
682,Karen,Burch,kburchix@tumblr.com,585-347-1911,18289 Westport Way,Kelapa,Indonesia,,251
683,Abner,Lafford,alaffordiy@army.mil,292-818-8554,139 Forest Street,Xinming,China,,45
684,Scot,Delouch,sdelouchiz@elegantthemes.com,924-949-6113,21 Melvin Point,Maralal,Kenya,,948
685,Rosalie,Domonkos,rdomonkosj0@ehow.com,925-497-6316,52 Fair Oaks Terrace,Pineleng,Indonesia,,991
686,Cesya,Burnside,cburnsidej1@google.co.uk,525-596-3454,87454 Doe Crossing Avenue,San Martín de los Andes,Argentina,8370,791
687,Brok,Abrahamson,babrahamsonj2@istockphoto.com,910-542-6859,01 Straubel Point,Marston,United Kingdom,ST20,588
688,Tracy,Mayhew,tmayhewj3@csmonitor.com,709-761-3330,66051 Judy Pass,Seversk,Russia,617504,496
689,Alvy,Cicchetto,acicchettoj4@webmd.com,432-430-5252,7220 Tony Center,Jiangkou,China,,459
690,Karlie,Line,klinej5@amazon.com,447-491-8197,72092 Aberg Road,Paris 11,France,75547 CEDEX 11,168
691,Nicolle,Fausch,nfauschj6@youtube.com,829-531-4775,01229 Merchant Court,Nishinoomote,Japan,891-3101,173
692,Kaine,Croan,kcroanj7@posterous.com,913-250-4309,82871 Florence Hill,Kansas City,United States,66105,820
693,Daniela,Wagge,dwaggej8@delicious.com,685-699-1082,5726 Muir Circle,Sa‘sa‘,Syria,,979
694,Christy,Terbruggen,cterbruggenj9@chron.com,532-365-7906,08039 Superior Alley,Rado,Indonesia,,224
695,Dwain,Fenge,dfengeja@fda.gov,603-533-3670,66 Muir Hill,Sindong,South Korea,,604
696,Jacquenetta,Czadla,jczadlajb@eventbrite.com,759-885-4544,3 Crowley Trail,Chauk,Myanmar,,48
697,Dael,Gerdts,dgerdtsjc@cyberchimps.com,617-552-5473,5621 Merry Point,P’rimorsk’oe,Georgia,,94
698,Suzi,Giotto,sgiottojd@abc.net.au,350-215-3504,70 La Follette Avenue,Dhī Nā‘im,Yemen,,445
699,Caye,Fairley,cfairleyje@live.com,964-920-2962,35190 Heath Alley,Ani-e,Philippines,1109,854
700,Umeko,D'Antonio,udantoniojf@businessweek.com,333-377-8965,115 Amoth Center,Saurimo,Angola,,4
701,Barbra,Buttwell,bbuttwelljg@buzzfeed.com,866-222-9619,50 Scott Park,Dongting,China,,298
702,Jillana,Danat,jdanatjh@flickr.com,567-799-7085,43546 Anhalt Drive,Quxi,China,,108
703,Vonny,Gillions,vgillionsji@nbcnews.com,698-822-1684,1 Dawn Point,Khryashchevka,Russia,445146,104
704,Sandro,Mathey,smatheyjj@weather.com,436-510-4209,9773 Dawn Center,Poconé,Brazil,78175-000,33
705,Georgy,Oldam,goldamjk@google.it,219-427-0868,2966 Del Sol Avenue,Kampot,Cambodia,,553
706,Georas,Swayland,gswaylandjl@yellowbook.com,722-662-2446,91 Pepper Wood Drive,Nukuoro,Micronesia,,747
707,Garreth,Abbyss,gabbyssjm@comsenz.com,867-808-6888,15 Summer Ridge Lane,Żabnica,Poland,34-382,665
708,Kelcy,Ennew,kennewjn@ca.gov,626-180-2467,7 Village Green Junction,Nueva Germania,Paraguay,,864
709,Tonya,Tzar,ttzarjo@omniture.com,932-303-8503,50688 Bunker Hill Place,Youxikou,China,,143
710,Gifford,Tumilty,gtumiltyjp@indiegogo.com,636-131-6761,59791 Vera Street,Bulakbanjar,Indonesia,,598
711,Diego,Pickthorn,dpickthornjq@yandex.ru,429-231-7096,72341 2nd Park,Kyaikkami,Myanmar,,283
712,Zechariah,Leisman,zleismanjr@github.io,130-194-3005,598 6th Way,Ozërsk,Russia,238124,236
713,Danna,Tokell,dtokelljs@addtoany.com,732-133-3732,500 Duke Hill,Rungis,France,94525 CEDEX 1,615
714,Keane,Bazoche,kbazochejt@newsvine.com,448-583-1585,3 Browning Center,Arrah,Ivory Coast,,283
715,Krisha,Pechet,kpechetju@merriam-webster.com,971-482-7568,1393 Novick Junction,Kadudampit,Indonesia,,550
716,Talia,Booker,tbookerjv@zdnet.com,491-232-9103,9 Gerald Alley,Fiais da Beira,Portugal,3405-077,714
717,Laryssa,Almon,lalmonjw@indiegogo.com,518-221-6469,91 Golden Leaf Place,Libato,Philippines,9319,179
718,Nicolis,Haley,nhaleyjx@ustream.tv,392-520-3749,0723 Fairfield Street,Shimen,China,,963
719,Elijah,Astles,eastlesjy@google.co.uk,195-416-7254,2680 Portage Avenue,Bayshint,Mongolia,,703
720,Alistair,Yule,ayulejz@salon.com,318-882-2359,08223 Northport Point,Zhanaozen,Kazakhstan,,619
721,Palmer,Boldero,pbolderok0@state.tx.us,214-601-9088,5796 Ryan Trail,Zouma,China,,528
722,Leodora,Lonnon,llonnonk1@washington.edu,193-892-9986,8 Jana Way,Salacgrīva,Latvia,,290
723,Dasha,Claffey,dclaffeyk2@apple.com,439-911-6050,4496 Oakridge Terrace,Maracanaú,Brazil,61900-000,945
724,Nolan,Weld,nweldk3@about.com,238-788-7628,7095 Waxwing Pass,San Nicolas,Philippines,4207,988
725,Dani,Ussher,dussherk4@prweb.com,530-104-2923,1 Melrose Terrace,Bistrica ob Sotli,Slovenia,3256,164
726,Othelia,Elcy,oelcyk5@accuweather.com,471-784-4716,151 Morning Plaza,Mrongi Daja,Indonesia,,613
727,Sherilyn,Pinwill,spinwillk6@sohu.com,538-825-1792,405 Bobwhite Park,Amphoe Sikhiu,Thailand,30140,13
728,Aluin,Chatband,achatbandk7@issuu.com,862-972-0834,86 Shelley Pass,Vrsi,Croatia,23235,661
729,Putnam,Flowitt,pflowittk8@techcrunch.com,699-241-0532,4 Dwight Drive,Mailsi,Pakistan,61200,650
730,Dom,Baggiani,dbaggianik9@weather.com,300-152-1445,7 Del Mar Pass,Västerhaninge,Sweden,137 24,988
731,Idelle,Meffan,imeffanka@microsoft.com,534-313-6176,453 Johnson Road,Privodino,Russia,165391,350
732,Prescott,Glanton,pglantonkb@moonfruit.com,636-468-8942,0186 Truax Trail,Junxi,China,,369
733,Neils,Simonson,nsimonsonkc@mail.ru,118-112-7218,124 Ludington Circle,Huangshi,China,,550
734,Saunders,McGovern,smcgovernkd@admin.ch,590-109-0260,46958 Mallory Crossing,Sal’sk,Russia,347639,665
735,Iago,Worwood,iworwoodke@elegantthemes.com,267-526-6080,90511 Swallow Place,Nuuk,Greenland,3900,540
736,Dix,Normanvell,dnormanvellkf@drupal.org,496-197-6106,238 Hintze Point,Beigou,China,,152
737,Giffie,Birchenough,gbirchenoughkg@photobucket.com,932-544-7428,4018 International Park,Sutton,United Kingdom,RH5,336
738,Bidget,Jurgen,bjurgenkh@accuweather.com,658-286-7287,19176 Eastwood Drive,Tras Cerros,Honduras,,330
739,Rois,Hoodlass,rhoodlasski@pbs.org,990-650-1830,76232 Fordem Court,Jorong Lauk,Indonesia,,152
740,Frederique,Geering,fgeeringkj@prlog.org,975-249-9516,66081 Sommers Crossing,Pidigan,Philippines,2806,359
741,Zeb,Hairon,zhaironkk@google.nl,138-387-2926,62384 Westend Parkway,Santander,Spain,39080,780
742,Kev,Danelut,kdanelutkl@cornell.edu,610-307-4764,03 Pond Terrace,Troitsk,Russia,142191,284
743,Tobin,Elflain,telflainkm@jiathis.com,372-716-0606,819 Haas Junction,Lamalewo,Indonesia,,987
744,Allegra,Evered,aeveredkn@pbs.org,509-559-5757,13 Sunbrook Road,Losari,Indonesia,,341
745,Cecilla,Noli,cnoliko@seattletimes.com,426-403-8809,5 Talisman Street,Bogojevo,Serbia,,223
746,Karon,Trahar,ktraharkp@columbia.edu,422-410-9063,72 Crowley Point,Galamares,Portugal,2710-210,353
747,Gwennie,Skarin,gskarinkq@creativecommons.org,105-158-9504,355 Mandrake Point,Ciputih,Indonesia,,482
748,Maddy,Sheaf,msheafkr@merriam-webster.com,894-874-3316,175 Brown Crossing,Carrefour,Haiti,,117
749,Beryle,Muldownie,bmuldownieks@discovery.com,264-994-8196,52424 Arrowood Alley,Katabu,Indonesia,,917
750,Chaddie,Buncom,cbuncomkt@businesswire.com,643-533-6408,02832 Hanson Lane,Barbalha,Brazil,63180-000,693
751,Alphard,Dyball,adyballku@wordpress.org,698-508-4134,0 Corry Parkway,Galubakul,Indonesia,,363
752,Andrea,Harrington,aharringtonkv@jugem.jp,617-172-8564,1 Hintze Road,Boston,United States,02203,268
753,Salvador,Meharry,smeharrykw@hexun.com,568-900-4180,4 High Crossing Point,Man,Ivory Coast,,459
754,Tasha,Stonelake,tstonelakekx@4shared.com,133-895-7795,074 Lien Circle,Nabīnagar,Bangladesh,3410,204
755,Stormie,Beakes,sbeakesky@slashdot.org,799-690-6836,33 Karstens Court,Visby,Sweden,621 22,712
756,Wyn,Avramovsky,wavramovskykz@telegraph.co.uk,602-740-8089,08 Muir Drive,Shatoujiao,China,,740
757,Diego,Duffit,dduffitl0@nifty.com,794-565-6960,53720 Oxford Point,Brodnica,Poland,87-302,799
758,Denise,Manass,dmanassl1@weebly.com,762-344-7370,5535 Steensland Place,Haduohe,China,,355
759,Abner,Pursglove,apursglovel2@simplemachines.org,135-140-2419,1 Lyons Plaza,Šibenik,Croatia,51242,870
760,Fedora,Tolhurst,ftolhurstl3@vk.com,352-456-4177,23 Little Fleur Place,Ocala,United States,34479,206
761,Emmie,Laudham,elaudhaml4@uol.com.br,522-211-1652,5112 Myrtle Place,Sanshilipu,China,,677
762,Gav,Rought,groughtl5@tripod.com,338-550-3093,81111 Sachs Street,Qianyou,China,,30
763,Clarissa,Reay,creayl6@yandex.ru,618-483-4857,1048 Rowland Circle,Reitoca,Honduras,,637
764,Delano,Coils,dcoilsl7@chicagotribune.com,148-435-9355,9120 Darwin Crossing,Kasreman Wetan,Indonesia,,676
765,Tedie,Macenzy,tmacenzyl8@google.com,353-991-8668,328 Lyons Court,Bistrica ob Sotli,Slovenia,3256,502
766,Ardath,Sheran,asheranl9@amazonaws.com,118-178-7609,471 Algoma Junction,Xudat,Azerbaijan,,297
767,Stirling,Rapp,srappla@bluehost.com,441-301-9472,7 Stephen Way,Debrzno,Poland,77-310,982
768,Aurea,Van Schafflaer,avanschafflaerlb@berkeley.edu,815-979-4612,3 Bartillon Park,‘Arīshah,Syria,,966
769,Jen,Frantzeni,jfrantzenilc@soundcloud.com,489-541-2419,749 Hallows Center,Bijia,China,,423
770,Blake,Trollope,btrollopeld@comsenz.com,805-841-3273,9993 Ridgeway Road,Jobabo,Cuba,,907
771,Abbey,Macieja,amaciejale@xinhuanet.com,340-817-1270,3936 Mariners Cove Circle,Manjacaze,Mozambique,,498
772,Bentlee,Lavigne,blavignelf@nyu.edu,329-349-0471,7 School Court,Bečej,Serbia,,401
773,Rafi,Sivill,rsivilllg@ed.gov,887-878-5175,63 Erie Terrace,Lélouma,Guinea,,758
774,Lita,Bertwistle,lbertwistlelh@friendfeed.com,234-355-3380,60306 Dixon Terrace,Talā,Egypt,,246
775,Celestyna,O'Donoghue,codonoghueli@oakley.com,859-989-9973,90 Moulton Alley,Lexington,United States,40515,364
776,Aloysius,Klishin,aklishinlj@yellowpages.com,465-660-4144,426 Fuller Junction,Tinogasta,Argentina,5340,55
777,Jervis,Dugan,jduganlk@statcounter.com,527-645-4700,3 Atwood Drive,Wang Sombun,Thailand,27250,670
778,Filmore,Philipet,fphilipetll@aol.com,834-184-3743,74444 Glendale Trail,Machakos,Kenya,,318
779,Greer,Parlett,gparlettlm@ustream.tv,774-779-3158,801 Arizona Alley,Chamalières,France,63409 CEDEX,36
780,Patience,Colebourn,pcolebournln@mashable.com,450-828-9947,90396 Garrison Avenue,Schirmeck,France,67137 CEDEX,866
781,Loni,Causon,lcausonlo@simplemachines.org,937-944-1716,4 Marquette Pass,Chenggan,China,,764
782,Marsiella,Gosney,mgosneylp@plala.or.jp,229-150-9001,53184 Meadow Valley Avenue,Vernon,France,27204 CEDEX,604
783,Cybill,Lavallin,clavallinlq@sogou.com,165-842-2036,50690 Ruskin Place,Feng’an,China,,730
784,Regine,Bentsen,rbentsenlr@github.com,879-327-6122,193 1st Trail,Garzón,Colombia,414029,897
785,Emmy,Attwooll,eattwoollls@kickstarter.com,300-840-4414,32847 Mitchell Avenue,Příšovice,Czech Republic,463 46,501
786,Pinchas,Kenny,pkennylt@ocn.ne.jp,553-915-2661,659 Granby Road,Till,Palestinian Territory,,202
787,Loren,Lister,llisterlu@abc.net.au,482-517-7551,60517 Magdeline Plaza,Zelenokumsk,Russia,357919,551
788,Rick,Trace,rtracelv@nyu.edu,759-148-6361,946 Sugar Avenue,Tagapul-an,Philippines,6712,393
789,Latashia,Cruikshank,lcruikshanklw@nature.com,326-261-8221,2 Banding Circle,Mališevo,Kosovo,,569
790,Amby,Filyukov,afilyukovlx@hexun.com,968-159-4988,43449 Barnett Alley,Rízoma,Greece,,888
791,Tobye,Jannequin,tjannequinly@hhs.gov,480-628-3373,227 Alpine Parkway,Mýrina,Greece,,545
792,Angus,Enns,aennslz@uol.com.br,946-275-6022,0 Stuart Trail,Archángelos,Greece,,267
793,Kattie,Del Castello,kdelcastellom0@census.gov,900-395-4607,7 Dapin Crossing,Balangkayan,Philippines,6801,416
794,Amelina,Valdes,avaldesm1@hud.gov,926-407-8447,6 Luster Lane,Krajan Satu,Indonesia,,537
795,Karita,Palatino,kpalatinom2@cpanel.net,259-310-5148,46248 John Wall Hill,Pulau Pinang,Malaysia,10612,451
796,Humfried,Gwyn,hgwynm3@mit.edu,513-914-8245,6418 Twin Pines Avenue,Cincinnati,United States,45213,808
797,Micky,Tremblet,mtrembletm4@e-recht24.de,530-613-2168,879 Caliangt Avenue,Maia,Portugal,4425-005,951
798,Otis,Dabnot,odabnotm5@nymag.com,915-250-7105,18462 Steensland Center,Tabu,Philippines,6122,914
799,Dniren,Stango,dstangom6@godaddy.com,774-174-1708,21771 Esker Trail,Dongping,China,,193
800,Forrester,Johl,fjohlm7@phoca.cz,415-601-2971,0557 Leroy Crossing,Tríkala,Greece,,520
801,Elston,Hitzschke,ehitzschkem8@state.gov,519-711-6861,71 Brentwood Center,Umeå,Sweden,903 33,818
802,Pet,Reuble,preublem9@1688.com,278-144-9665,9736 Corscot Place,Numata,Japan,996-0087,806
803,Zea,Spolton,zspoltonma@phpbb.com,915-574-9076,38 Hoard Circle,Gigante,Colombia,414009,227
804,Norene,Le Huquet,nlehuquetmb@blog.com,632-882-9528,9701 Buhler Place,Nūsay,Afghanistan,,199
805,Marwin,Polin,mpolinmc@pen.io,747-137-3552,50769 Grasskamp Terrace,Sabirabad,Azerbaijan,,128
806,Judas,Jewson,jjewsonmd@moonfruit.com,849-753-4947,0 Grim Drive,Payao,Philippines,7008,768
807,Alena,Strewthers,astrewthersme@bandcamp.com,356-280-5269,953 Trailsway Junction,Zarzal,Colombia,762528,641
808,Berti,Skurm,bskurmmf@skyrock.com,293-632-7999,233 Johnson Park,Leye,China,,1000
809,Nevsa,Salling,nsallingmg@comsenz.com,202-297-2180,2 Daystar Drive,Télimélé,Guinea,,761
810,Solomon,Lingfoot,slingfootmh@simplemachines.org,592-348-6639,25 Mesta Street,Eqlīd,Iran,,365
811,Christina,Glassup,cglassupmi@apple.com,295-996-7423,23 Clarendon Drive,Weitian,China,,159
812,Levon,Wycliff,lwycliffmj@tripadvisor.com,823-143-1476,1 Heath Road,Bergen,Norway,5806,545
813,Pru,Ellesmere,pellesmeremk@ocn.ne.jp,506-964-9480,60 Almo Street,Peña,Philippines,5404,669
814,Lilah,Purchall,lpurchallml@xrea.com,515-784-6603,35 Eggendart Way,Orléans,France,45979 CEDEX 9,977
815,Addie,Candish,acandishmm@storify.com,537-573-5901,4 Becker Lane,Heka,China,,115
816,Jerrie,Farden,jfardenmn@com.com,585-526-6929,72254 Maple Junction,Dadaha,Indonesia,,899
817,Elmore,Andrusyak,eandrusyakmo@unc.edu,188-644-0319,33293 Hoard Court,Peristerá,Greece,,697
818,Claresta,Ivashchenko,civashchenkomp@naver.com,496-260-4424,53492 Esker Street,Pul-e Sangī,Afghanistan,,865
819,Kynthia,Skates,kskatesmq@yelp.com,272-829-3229,84750 Main Road,Soca,Uruguay,,461
820,Andria,Schleicher,aschleichermr@springer.com,972-897-8812,94172 Summerview Plaza,Raškovice,Czech Republic,739 04,44
821,Yolande,Garlick,ygarlickms@nationalgeographic.com,858-777-9906,6377 Graceland Point,Kyustendil,Bulgaria,2599,243
822,Nat,Beumant,nbeumantmt@blogs.com,991-919-0809,41 Maple Wood Terrace,Fengyi,China,,195
823,Adelind,McGuffog,amcguffogmu@blogger.com,285-405-7331,13 Waxwing Park,San Antonio,Mexico,88710,281
824,Arlen,Frisdick,afrisdickmv@theglobeandmail.com,992-264-6054,4 Fuller Trail,Famatina,Argentina,4203,632
825,Marchall,McGreil,mmcgreilmw@ask.com,943-385-3697,48 Lawn Way,Bouzov,Czech Republic,783 25,543
826,Bary,Critch,bcritchmx@bizjournals.com,677-186-5103,041 Oak Valley Pass,Lebowakgomo,South Africa,9640,352
827,Burton,Tures,bturesmy@theguardian.com,826-858-2147,6105 Crowley Lane,Frýdlant,Czech Republic,464 01,370
828,Archaimbaud,Ridewood,aridewoodmz@nps.gov,874-652-0155,10 Huxley Trail,Huo’erqi,China,,599
829,Salli,Elgood,selgoodn0@youku.com,718-647-8671,74 Grasskamp Avenue,Colegiales,Argentina,1871,682
830,Christie,Dibbin,cdibbinn1@paypal.com,835-839-1454,8 Arrowood Crossing,Tumaco,Colombia,528539,791
831,Tallie,Poynser,tpoynsern2@nymag.com,145-959-2927,3 Hovde Street,Tmourghout,Morocco,,790
832,Rancell,De Marchi,rdemarchin3@dagondesign.com,821-846-2173,35 Nobel Junction,São Bento do Sul,Brazil,89290-000,483
833,Clari,Gamell,cgamelln4@studiopress.com,271-264-1827,320 Lerdahl Place,Dake,China,,688
834,Leanora,Lucius,lluciusn5@nasa.gov,712-649-5464,8 Rigney Alley,Kafr Kannā,Israel,,536
835,Cecile,Trussler,ctrusslern6@opensource.org,648-841-3707,83386 Mcbride Road,Altamira,Venezuela,,21
836,Ashlee,Burnard,aburnardn7@abc.net.au,432-430-7086,502 Westport Junction,San Quintin,Philippines,2808,150
837,Tyne,Mariel,tmarieln8@xing.com,930-325-4992,2094 Talisman Lane,Hake,China,,332
838,Annalee,Leyes,aleyesn9@skype.com,346-329-0052,4 Reinke Circle,Strančice,Czech Republic,251 63,513
839,Douglass,Clough,dcloughna@scribd.com,781-939-7660,01 Village Avenue,Zawiya,Libya,,289
840,Katy,Inskipp,kinskippnb@opensource.org,941-132-4909,57230 Ramsey Circle,Bradenton,United States,34282,249
841,Grace,Gorce,ggorcenc@arstechnica.com,756-440-3331,28 Moose Court,Lyon,France,69281 CEDEX 01,87
842,Rossie,Danher,rdanhernd@51.la,167-390-8191,03 Crownhardt Trail,Şirvan,Azerbaijan,,519
843,Keri,Logg,kloggne@360.cn,573-377-6995,635 Fremont Point,Växjö,Sweden,352 54,547
844,Celeste,Kach,ckachnf@cpanel.net,598-418-2691,57 Dennis Street,Dutsin Ma,Nigeria,,605
845,Adi,Hallagan,ahallaganng@sitemeter.com,932-182-7861,71 Thackeray Pass,Puerto Mayor Otaño,Paraguay,,281
846,Lorri,Dufore,lduforenh@privacy.gov.au,610-793-0635,6 Gale Alley,Metz,France,57016 CEDEX 01,826
847,Jo,Fernanando,jfernanandoni@hao123.com,182-896-0818,852 Grayhawk Way,Bugene,Tanzania,,17
848,Deeanne,Bernardes,dbernardesnj@elpais.com,632-488-3112,28 Mcguire Park,Medeiros Neto,Brazil,45960-000,172
849,Talia,Le Cornu,tlecornunk@vk.com,332-122-0728,4578 Superior Place,Trnovlje pri Celju,Slovenia,3215,327
850,Marie,Fronek,mfroneknl@sciencedirect.com,477-990-7291,2 Raven Place,Salitrillos,Costa Rica,10607,243
851,Leontine,Brilon,lbrilonnm@ox.ac.uk,281-237-4231,2 Northwestern Way,Großklein,Austria,8453,371
852,Odella,Turpey,oturpeynn@about.me,674-718-7161,800 Cody Circle,Sidi Redouane,Morocco,,358
853,Eloise,Cossons,ecossonsno@altervista.org,575-252-7001,78 Westport Hill,Bulusari,Indonesia,,548
854,Solomon,Scroggie,sscroggienp@hostgator.com,566-402-2434,992 Vera Trail,Iktābah,Palestinian Territory,,724
855,Kass,Kayzer,kkayzernq@skyrock.com,717-945-9385,92737 La Follette Crossing,Pag-asa,Philippines,8113,821
856,Kendrick,Scurrer,kscurrernr@yelp.com,970-520-0039,96499 Rusk Avenue,Morales,Colombia,134548,913
857,Hanson,Jouen,hjouenns@yelp.com,490-522-8652,5079 Troy Trail,Melikkrajan,Indonesia,,550
858,Heddi,Kencott,hkencottnt@time.com,263-518-6514,8 Algoma Road,Mahdalynivka,Ukraine,,96
859,Joceline,McLenahan,jmclenahannu@washington.edu,899-761-5451,47 Northport Center,Kazuno,Japan,877-1107,534
860,Godiva,Quesne,gquesnenv@altervista.org,864-711-5821,24018 Shoshone Point,Kwangmyŏng,South Korea,,885
861,Birdie,McTeague,bmcteaguenw@umich.edu,430-384-7206,8 School Way,Lisui,China,,196
862,Reuven,Baldinotti,rbaldinottinx@japanpost.jp,136-722-9932,2551 Duke Pass,Vrbovec,Croatia,10340,228
863,Constantine,Thexton,cthextonny@i2i.jp,548-167-8912,40278 Hintze Pass,San Silvestre,Venezuela,,686
864,Zulema,Kleynen,zkleynennz@flickr.com,171-151-2483,39 Eggendart Junction,Santa Ana,El Salvador,,495
865,Perkin,Lambot,plamboto0@mediafire.com,599-429-6779,05134 Stang Pass,Dawei,Myanmar,,777
866,Marybeth,O'Fairy,mofairyo1@utexas.edu,225-560-2309,9 Blue Bill Park Court,Cijambe,Indonesia,,912
867,Bastian,Norval,bnorvalo2@twitter.com,513-699-5421,9477 Iowa Place,Juripiranga,Brazil,58330-000,177
868,Colver,Pacquet,cpacqueto3@craigslist.org,841-847-8365,4 Hauk Alley,Mbanga,Cameroon,,642
869,Manolo,Demogeot,mdemogeoto4@slideshare.net,100-957-4133,70828 3rd Terrace,Bhiria,Pakistan,67321,103
870,Yelena,Craven,ycraveno5@telegraph.co.uk,330-955-4928,449 Ryan Terrace,Canton,United States,44710,147
871,Jeanine,Deinhardt,jdeinhardto6@de.vu,295-649-7085,151 Dwight Place,Sakaiminato,Japan,690-1315,985
872,Ogden,Cahani,ocahanio7@businessweek.com,315-396-7671,75 Oriole Alley,Victoria,Philippines,6406,553
873,Brandyn,Gillbanks,bgillbankso8@example.com,292-198-9813,8 Kedzie Crossing,Sagopshi,Russia,386340,897
874,Bogart,Reedshaw,breedshawo9@redcross.org,814-983-3094,672 8th Lane,Santiago de las Vegas,Cuba,,26
875,Elisha,Allsep,eallsepoa@i2i.jp,866-809-2001,33 Crowley Plaza,Ar Ramthā,Jordan,,458
876,Junia,Kilshall,jkilshallob@vinaora.com,563-963-0318,8347 Gale Pass,Huanggong,China,,304
877,Lyell,Pascho,lpaschooc@opera.com,744-354-1556,7 Upham Terrace,Huancheng,China,,917
878,Conrade,Bourcq,cbourcqod@phpbb.com,121-379-7044,26838 Marcy Circle,Pandan,Philippines,5712,117
879,Heriberto,Pencott,hpencottoe@toplist.cz,870-525-5919,4130 Westend Center,Karátoulas,Greece,,683
880,Andrey,Carrabot,acarrabotof@github.com,653-166-9333,20 Graedel Plaza,Niquinohomo,Nicaragua,,51
881,Aleksandr,Fulkes,afulkesog@icq.com,494-982-3956,8203 Muir Drive,Blangkejeren,Indonesia,,420
882,Kendre,Greenalf,kgreenalfoh@joomla.org,557-209-6115,8 Nelson Park,Babakantugu,Indonesia,,590
883,Tiphany,Percival,tpercivaloi@netscape.com,927-463-4003,9 International Park,Eusebio Ayala,Paraguay,,351
884,Oates,Threadkell,othreadkelloj@imageshack.us,575-980-3396,2 Anzinger Parkway,Drammen,Norway,3012,861
885,Serena,McKeeman,smckeemanok@instagram.com,840-472-1790,0606 Goodland Road,Lembang,Indonesia,,992
886,Seamus,Duckhouse,sduckhouseol@arstechnica.com,832-660-0734,12667 Gerald Pass,Songhe,China,,982
887,Annice,Trulocke,atrulockeom@acquirethisname.com,917-362-7882,112 Dawn Trail,Longhu,China,,7
888,Lawrence,Stonestreet,lstonestreeton@aboutads.info,871-994-5349,87504 Atwood Court,Nelipyno,Ukraine,,739
889,Marja,Backwell,mbackwelloo@123-reg.co.uk,861-657-7466,364 Warbler Center,Curití,Colombia,684039,675
890,Irina,Canton,icantonop@mlb.com,426-548-0766,4 Cascade Center,Wete,Tanzania,,526
891,Katlin,Brucker,kbruckeroq@simplemachines.org,632-538-2061,2504 Bultman Road,Risālpur,Pakistan,24081,809
892,Ines,Attwooll,iattwoollor@elpais.com,198-694-8469,9 Helena Street,Garça,Brazil,17400-000,694
893,Kelli,Mungane,kmunganeos@rakuten.co.jp,428-598-7973,8155 Commercial Park,Huangtian,China,,798
894,Charo,Blackader,cblackaderot@last.fm,976-659-4666,923 Blaine Park,Dadong’ao,China,,733
895,Emilia,Signe,esigneou@vkontakte.ru,766-133-8817,9 Porter Pass,Hachiōji,Japan,197-0834,6
896,Alejoa,Godman,agodmanov@state.tx.us,822-660-3155,35845 Jana Place,Campbellton,Canada,E3N,953
897,Ibbie,Aldred,ialdredow@ning.com,524-666-8819,276 Union Place,Toulouse,France,31931 CEDEX 9,509
898,Richy,Tzarkov,rtzarkovox@freewebs.com,921-975-0639,45016 Nelson Avenue,Ouranoupolis,Greece,,248
899,Annamarie,Libri,alibrioy@java.com,565-978-7185,502 Dapin Road,Luxi,China,,571
900,Bartholomew,Batts,bbattsoz@nasa.gov,939-508-9570,98958 Straubel Avenue,Chojna,Poland,74-500,52
901,Krystyna,Keemer,kkeemerp0@independent.co.uk,159-465-5303,9516 Bay Way,Sremska Mitrovica,Serbia,,410
902,Clemmie,Antonomoli,cantonomolip1@time.com,587-390-3633,3 Killdeer Trail,Xianxiang,China,,809
903,Carol-jean,Bladesmith,cbladesmithp2@seesaa.net,490-647-7412,8045 Del Mar Junction,Retorta,Portugal,4480-345,422
904,Lorenzo,Clover,lcloverp3@paginegialle.it,447-530-0787,4038 Kingsford Street,Jinzhou,China,,57
905,Trey,Bicksteth,tbickstethp4@nature.com,911-490-5002,48 Sutteridge Park,Dungarvan,Ireland,T56,176
906,Jillie,Ikin,jikinp5@cbc.ca,742-867-1582,72 Charing Cross Way,Kanugrahan,Indonesia,,942
907,Pansie,Langland,planglandp6@google.pl,911-360-6784,76078 Rutledge Junction,Tangjiapo,China,,637
908,Eb,Gravett,egravettp7@addtoany.com,251-248-0622,0264 Fairview Circle,Houba,China,,284
909,Renell,Hanbury,rhanburyp8@qq.com,917-407-5345,0 Johnson Point,Zhongshanmen,China,,333
910,Bartram,Orbon,borbonp9@istockphoto.com,554-249-1547,2 Portage Terrace,Mangqu,China,,246
911,Fernando,Skirven,fskirvenpa@telegraph.co.uk,722-467-0796,253 Nelson Park,Longjumeau,France,91169 CEDEX,621
912,Arturo,Skells,askellspb@opensource.org,434-327-4313,48 Buell Terrace,Candi,Indonesia,,910
913,Joya,Belf,jbelfpc@businesswire.com,769-783-6253,115 Anhalt Parkway,Karangjaladri,Indonesia,,432
914,Welch,D'Angeli,wdangelipd@desdev.cn,836-298-3055,82 Dunning Crossing,Ceres,Argentina,2340,501
915,Janek,Le Lievre,jlelievrepe@usnews.com,269-469-2207,53 Kropf Trail,Shimonoseki,Japan,801-0885,827
916,Zuzana,Leidecker,zleideckerpf@netlog.com,598-969-3372,707 David Terrace,Santa Teresita,Philippines,4206,890
917,Annabell,Antat,aantatpg@scribd.com,336-430-3684,6463 Dawn Parkway,Alchevs’k,Ukraine,,497
918,Walton,Grimsditch,wgrimsditchph@symantec.com,187-711-6128,648 Ridgeway Junction,Qili,China,,46
919,Geordie,Minard,gminardpi@blogspot.com,195-758-5851,61712 Anhalt Circle,Tostado,Argentina,4242,953
920,Virginia,Mc Gorley,vmcgorleypj@blog.com,163-255-6875,26 Cambridge Lane,Ihuari,Peru,,921
921,Menard,Grishanov,mgrishanovpk@blogspot.com,589-154-8041,20 Gerald Circle,Soure,Brazil,68870-000,722
922,Caz,Mounter,cmounterpl@nydailynews.com,908-934-1139,996 Elmside Alley,Platagata,Philippines,4807,604
923,Bernita,Moland,bmolandpm@vistaprint.com,418-848-0690,017 Waubesa Place,Akonolinga,Cameroon,,594
924,Sharlene,Kave,skavepn@bloomberg.com,215-279-5062,757 Annamark Center,Cabean,Indonesia,,109
925,Dolly,Garvey,dgarveypo@cyberchimps.com,211-374-1235,78 Dexter Center,Rakvere,Estonia,,777
926,Krystle,Acarson,kacarsonpp@businesswire.com,295-661-6423,928 Coleman Street,Thawat Buri,Thailand,40160,178
927,Delores,Rouchy,drouchypq@newsvine.com,832-840-4899,7 Holmberg Pass,San Miguel,Philippines,8301,570
928,Dreddy,Sidle,dsidlepr@dot.gov,831-547-8691,0419 4th Plaza,Karukh,Afghanistan,,91
929,Fionnula,Lauks,flauksps@wufoo.com,495-802-8220,8602 Mitchell Hill,Kesambilerenkrajan,Indonesia,,346
930,Nannette,Inch,ninchpt@wp.com,102-178-6070,002 Vahlen Road,Aba,Nigeria,,197
931,Alexina,Lovelock,alovelockpu@slashdot.org,646-231-1920,50890 Caliangt Point,Maofan,China,,869
932,Anstice,Rogeron,arogeronpv@hubpages.com,713-886-2287,49147 Myrtle Place,Baise City,China,,923
933,Zita,Pietersma,zpietersmapw@feedburner.com,180-550-5251,034 Glendale Alley,Zengtian,China,,370
934,Valaria,Gillet,vgilletpx@usatoday.com,646-270-6961,76 Reinke Hill,Żabbar,Malta,ZBR,678
935,Allis,Glide,aglidepy@twitpic.com,630-168-2617,7674 Luster Park,Taquari,Brazil,95860-000,601
936,Sula,Limb,slimbpz@nsw.gov.au,420-228-0517,6971 Golden Leaf Drive,Stockholm,Sweden,164 83,616
937,Corrina,Rostron,crostronq0@webnode.com,694-660-1221,2361 Nobel Point,Tambangan,Indonesia,,808
938,Lotti,Stollberger,lstollbergerq1@rambler.ru,930-681-4470,58 Debs Circle,Shuangxikou,China,,630
939,Issi,Fairbourn,ifairbournq2@cpanel.net,647-310-9609,7 Sutherland Alley,Pilawa,Poland,08-440,317
940,Willie,Johansen,wjohansenq3@dropbox.com,713-779-7997,237 Dexter Pass,Houston,United States,77281,177
941,Randi,Cornelisse,rcornelisseq4@samsung.com,247-586-8275,14007 Bunting Junction,Patulul,Guatemala,10014,463
942,Cal,Janouch,cjanouchq5@scribd.com,229-532-4048,62466 Northland Alley,Guozhai,China,,190
943,Siusan,Eccleshall,seccleshallq6@twitpic.com,288-914-6674,97963 South Avenue,Binucayan,Philippines,7017,791
944,Madeleine,Layton,mlaytonq7@guardian.co.uk,131-755-4105,538 Gateway Pass,Lavradio,Portugal,2835-305,346
945,Babb,Worsfield,bworsfieldq8@fc2.com,813-836-9813,630 Reinke Circle,Ha,Bhutan,,253
946,Orson,Everal,oeveralq9@t-online.de,160-723-6060,3569 Stephen Crossing,Gijon,Spain,33209,378
947,Casar,Dorgon,cdorgonqa@ebay.co.uk,552-634-0828,544 Corben Alley,Coaldale,Canada,T1M,784
948,Erin,Simonot,esimonotqb@tinypic.com,571-357-3087,57 Nobel Park,Novyye Kuz’minki,Russia,301333,781
949,Julio,Feeley,jfeeleyqc@spotify.com,753-921-2095,301 Golden Leaf Court,Norrköping,Sweden,601 76,407
950,Wilie,Freeburn,wfreeburnqd@economist.com,296-757-2050,8 Melody Avenue,Kurnia,Indonesia,,582
951,Karlan,Chessil,kchessilqe@sitemeter.com,893-831-9544,75 Iowa Street,Obudu,Nigeria,,279
952,Roi,Ruane,rruaneqf@opensource.org,336-190-2524,07 Lotheville Court,Shijing,China,,854
953,Sarajane,Fealy,sfealyqg@google.com.hk,964-699-4271,20200 Waywood Alley,Shagonar,Russia,668210,163
954,Antonietta,Dourin,adourinqh@seesaa.net,225-450-1536,524 Moose Plaza,Ringinagung,Indonesia,,357
955,Lauren,Nears,lnearsqi@admin.ch,165-253-8820,59792 Dennis Avenue,Brodnica,Poland,87-302,929
956,Abbe,Cockney,acockneyqj@squidoo.com,690-289-5440,479 Sunfield Point,Pasar,Indonesia,,295
957,Deane,Mcasparan,dmcasparanqk@jigsy.com,526-870-9441,9880 Crowley Avenue,Subaykhān,Syria,,577
958,Wyndham,O'Hallihane,wohallihaneql@cpanel.net,728-520-1055,3975 Hanover Court,Skene,Sweden,511 81,76
959,Hale,Colledge,hcolledgeqm@dailymotion.com,904-641-7465,87792 Heath Avenue,Nong Yai,Thailand,20190,684
960,Keary,Squibe,ksquibeqn@bloglines.com,163-189-4821,4 Lighthouse Bay Plaza,Injīl,Afghanistan,,542
961,Rhodie,Vallentine,rvallentineqo@google.de,451-180-1068,54 Crescent Oaks Place,Al Fandaqūmīyah,Palestinian Territory,,290
962,De,Fakeley,dfakeleyqp@eventbrite.com,913-196-4580,75 Forest Junction,Lumbayan,Philippines,7000,768
963,Judas,Height,jheightqq@odnoklassniki.ru,174-120-2783,44 Butterfield Crossing,Khrystynivka,Ukraine,,572
964,Eveleen,Brogan,ebroganqr@123-reg.co.uk,964-996-6616,3 Bashford Lane,Berlin,Germany,14199,351
965,Carroll,Buske,cbuskeqs@sina.com.cn,923-518-9101,88297 Moose Plaza,Tutayev,Russia,152300,589
966,Terry,Kerans,tkeransqt@princeton.edu,255-161-8147,14 Pierstorff Trail,Ancenis,France,44159 CEDEX,279
967,Hastie,Nurny,hnurnyqu@canalblog.com,946-481-5134,8 Cardinal Center,Mao,Dominican Republic,11508,86
968,Everett,Fresson,efressonqv@ameblo.jp,917-359-7879,30 Jana Alley,Loma Alta,Mexico,87605,203
969,Irvine,Anthill,ianthillqw@dion.ne.jp,528-796-5549,53 Fulton Center,Canjulao,Philippines,6309,101
970,Meta,Boundy,mboundyqx@zimbio.com,956-732-1095,011 Elmside Pass,Qiligang,China,,204
971,Freddie,Spini,fspiniqy@ustream.tv,416-928-0108,99 Mendota Road,Korobitsyno,Russia,188832,530
972,Ardath,Achurch,aachurchqz@opera.com,753-346-4238,561 Golden Leaf Point,Ndano,Indonesia,,477
973,Xena,Arbuckel,xarbuckelr0@ed.gov,729-769-3221,2621 Jenna Trail,Ventspils,Latvia,,119
974,Gerhard,Bleakley,gbleakleyr1@goo.gl,201-423-1818,3175 Brown Drive,Amphoe Sikhiu,Thailand,30140,398
975,Amil,Bourdis,abourdisr2@businessinsider.com,567-101-1005,85644 Butternut Way,Comodoro Rivadavia,Argentina,9000,101
976,Christina,Pietruschka,cpietruschkar3@dailymail.co.uk,562-242-7052,6679 Butterfield Crossing,Madīnat Ḩamad,Bahrain,,779
977,Lanna,Ponde,lponder4@prweb.com,322-519-8867,1314 Bartelt Place,Baidian,China,,6
978,Shannon,Bronger,sbrongerr5@artisteer.com,813-387-2920,09518 Mcguire Lane,Thatèng,Laos,,202
979,Woodrow,Beynke,wbeynker6@shop-pro.jp,214-970-0022,51581 Tennessee Junction,Burqah,Palestinian Territory,,281
980,Ki,Inwood,kinwoodr7@feedburner.com,301-143-5749,02 Coleman Crossing,Joconal,Honduras,,938
981,Terese,Biddiss,tbiddissr8@aol.com,829-617-1489,93 Morrow Park,Pitalito,Colombia,417048,295
982,Grier,Soanes,gsoanesr9@discuz.net,781-388-2368,7309 Comanche Place,Kłoczew,Poland,08-550,194
983,Titus,Benduhn,tbenduhnra@mashable.com,167-170-7071,4811 Oneill Plaza,Modosinal,Indonesia,,814
984,Dion,Girhard,dgirhardrb@tmall.com,202-619-2483,35189 Hayes Circle,San Vicente,Costa Rica,11401,949
985,Jaye,Mogridge,jmogridgerc@umn.edu,435-758-8453,05668 Blaine Drive,San Rafael,Mexico,41640,107
986,Adria,Wrotham,awrothamrd@eventbrite.com,502-183-6287,88737 Cordelia Way,Cirangkong,Indonesia,,317
987,Lynnett,Kerwen,lkerwenre@patch.com,933-740-9984,741 Artisan Plaza,Quchi,China,,785
988,Kimble,Jimeno,kjimenorf@slideshare.net,602-702-2351,5 7th Point,Phoenix,United States,85010,835
989,Faye,Macieja,fmaciejarg@redcross.org,918-328-7802,7580 Cardinal Alley,Shuangqiao,China,,891
990,Ellette,Carress,ecarressrh@jugem.jp,990-928-3518,9 Shasta Way,Alis,Peru,,571
991,Dani,Etchingham,detchinghamri@odnoklassniki.ru,858-293-1847,16 Village Green Junction,Ljupina,Croatia,35400,940
992,Donnajean,Chainey,dchaineyrj@scientificamerican.com,886-480-5048,57531 Sloan Trail,Shixi,China,,336
993,Shannen,Vaugham,svaughamrk@jiathis.com,389-372-7154,02175 Paget Plaza,Machado,Brazil,37750-000,387
994,Fabe,Dowsing,fdowsingrl@omniture.com,111-532-7230,8 Schurz Point,Baitu,China,,382
995,Sydney,Cherryman,scherrymanrm@blog.com,947-554-9945,89616 Haas Lane,Galle,Sri Lanka,80000,302
996,Bram,Soigoux,bsoigouxrn@behance.net,607-264-2120,5195 Glacier Hill Drive,Buenavista,Philippines,8601,135
997,Errol,Hodjetts,ehodjettsro@princeton.edu,565-827-9065,7 Warrior Center,Tisno,Croatia,22240,506
998,Gardie,Sabate,gsabaterp@domainmarket.com,892-804-3191,302 Hermina Trail,Douane,Tunisia,,58
999,Pammi,Shaw,pshawrq@marriott.com,208-458-2249,18717 Parkside Circle,Boise,United States,83732,871
1000,Ulrike,Potteridge,upotteridgerr@ebay.com,132-225-9874,2 Judy Crossing,Duisburg,Germany,47139,289
